[
{
    "fields": {
        "username": "demo",
        "first_name": "",
        "last_name": "",
        "is_active": true,
        "is_superuser": true,
        "is_staff": true,
        "last_login": "2015-09-19T05:09:23.888",
        "groups": [],
        "user_permissions": [],
        "password": "pbkdf2_sha256$20000$0BSd7co5Wk9l$o05S29PKilsLE71W8zlm3giyWg2udhNIdi4m+ALqdRM=",
        "email": "demo@example.com",
        "date_joined": "2015-09-19T05:09:16.117"
    },
    "model": "auth.user",
    "pk": 1
},
{
    "fields": {
        "username": "user1",
        "first_name": "",
        "last_name": "",
        "is_active": true,
        "is_superuser": false,
        "is_staff": false,
        "last_login": null,
        "groups": [],
        "user_permissions": [],
        "password": "pbkdf2_sha256$20000$qK8DOXZ5RbpJ$2w0tRLPOQ8Wfzfb4BXAM/7QqVQhTC9OBbJmcJhlvkqU=",
        "email": "user1@example.com",
        "date_joined": "2015-09-21T15:08:12.416"
    },
    "model": "auth.user",
    "pk": 2
},
{
    "fields": {
        "username": "user2",
        "first_name": "",
        "last_name": "",
        "is_active": true,
        "is_superuser": false,
        "is_staff": false,
        "last_login": null,
        "groups": [],
        "user_permissions": [],
        "password": "pbkdf2_sha256$20000$tbqp1dvKjEyB$//TDE8W0ptXhe+ldkmsP8craF4lqOG0rOj4bwrUVnRc=",
        "email": "user2@example.com",
        "date_joined": "2015-09-21T15:08:12.449"
    },
    "model": "auth.user",
    "pk": 3
},
{
    "fields": {
        "username": "user3",
        "first_name": "",
        "last_name": "",
        "is_active": true,
        "is_superuser": false,
        "is_staff": false,
        "last_login": null,
        "groups": [],
        "user_permissions": [],
        "password": "pbkdf2_sha256$20000$jfD5vdMybkNc$XPekIDRLelmGt9MIAhK26xwWY3L5iF5k6uSPTtQZb6s=",
        "email": "user3@example.com",
        "date_joined": "2015-09-21T15:08:12.473"
    },
    "model": "auth.user",
    "pk": 4
},
{
    "fields": {
        "username": "user4",
        "first_name": "",
        "last_name": "",
        "is_active": true,
        "is_superuser": false,
        "is_staff": false,
        "last_login": null,
        "groups": [],
        "user_permissions": [],
        "password": "pbkdf2_sha256$20000$JXTDCiTBgGGt$n2HQadfgBwXIhETQOtQdUe0WaPbfQWlF/AZEfYdM97w=",
        "email": "user4@example.com",
        "date_joined": "2015-09-21T15:08:12.497"
    },
    "model": "auth.user",
    "pk": 5
},
{
    "fields": {
        "username": "user5",
        "first_name": "",
        "last_name": "",
        "is_active": true,
        "is_superuser": false,
        "is_staff": false,
        "last_login": null,
        "groups": [],
        "user_permissions": [],
        "password": "pbkdf2_sha256$20000$LCw26fYnQKbn$f+UQMq6CX/iBWV1wLicy/E3lwSyMuuVUnJXq1ULZvG4=",
        "email": "user5@example.com",
        "date_joined": "2015-09-21T15:08:12.520"
    },
    "model": "auth.user",
    "pk": 6
},
{
    "fields": {
        "username": "user6",
        "first_name": "",
        "last_name": "",
        "is_active": true,
        "is_superuser": false,
        "is_staff": false,
        "last_login": null,
        "groups": [],
        "user_permissions": [],
        "password": "pbkdf2_sha256$20000$LeDPhmGqDbTT$qJqN/A81x/KCF8QpiTlRYIO07TK9w9nIsLPn/tp06sk=",
        "email": "user6@example.com",
        "date_joined": "2015-09-21T15:08:12.543"
    },
    "model": "auth.user",
    "pk": 7
},
{
    "fields": {
        "username": "user7",
        "first_name": "",
        "last_name": "",
        "is_active": true,
        "is_superuser": false,
        "is_staff": false,
        "last_login": null,
        "groups": [],
        "user_permissions": [],
        "password": "pbkdf2_sha256$20000$xhlMbFp8Y7Bp$gI9VkRtZy2LMnRZpaKEhSGhofpoofIWLVCsNvprSEZ0=",
        "email": "user7@example.com",
        "date_joined": "2015-09-21T15:08:12.566"
    },
    "model": "auth.user",
    "pk": 8
},
{
    "fields": {
        "username": "user8",
        "first_name": "",
        "last_name": "",
        "is_active": true,
        "is_superuser": false,
        "is_staff": false,
        "last_login": null,
        "groups": [],
        "user_permissions": [],
        "password": "pbkdf2_sha256$20000$WG1K7x5uFJo0$b1Q1zcu4u1AuPOq2chyeq16nxwgCmqpsNco4h+ll/Xk=",
        "email": "user8@example.com",
        "date_joined": "2015-09-21T15:08:12.589"
    },
    "model": "auth.user",
    "pk": 9
},
{
    "fields": {
        "username": "user9",
        "first_name": "",
        "last_name": "",
        "is_active": true,
        "is_superuser": false,
        "is_staff": false,
        "last_login": null,
        "groups": [],
        "user_permissions": [],
        "password": "pbkdf2_sha256$20000$Ua6zsdy6C65J$se3S7admBA6VITYZFccIexIKmQBrmRrL5MRXoL62JeU=",
        "email": "user9@example.com",
        "date_joined": "2015-09-21T15:08:12.615"
    },
    "model": "auth.user",
    "pk": 10
},
{
    "fields": {
        "status": "ACTV",
        "league": 6,
        "favorite_team": null,
        "autopick": "RAND",
        "user": 1
    },
    "model": "picker.preference",
    "pk": 1
},
{
    "fields": {
        "status": "ACTV",
        "league": 6,
        "favorite_team": null,
        "autopick": "RAND",
        "user": 2
    },
    "model": "picker.preference",
    "pk": 2
},
{
    "fields": {
        "status": "ACTV",
        "league": 6,
        "favorite_team": null,
        "autopick": "RAND",
        "user": 3
    },
    "model": "picker.preference",
    "pk": 3
},
{
    "fields": {
        "status": "ACTV",
        "league": 6,
        "favorite_team": null,
        "autopick": "RAND",
        "user": 4
    },
    "model": "picker.preference",
    "pk": 4
},
{
    "fields": {
        "status": "ACTV",
        "league": 6,
        "favorite_team": null,
        "autopick": "RAND",
        "user": 5
    },
    "model": "picker.preference",
    "pk": 5
},
{
    "fields": {
        "status": "ACTV",
        "league": 6,
        "favorite_team": null,
        "autopick": "RAND",
        "user": 6
    },
    "model": "picker.preference",
    "pk": 6
},
{
    "fields": {
        "status": "ACTV",
        "league": 6,
        "favorite_team": null,
        "autopick": "RAND",
        "user": 7
    },
    "model": "picker.preference",
    "pk": 7
},
{
    "fields": {
        "status": "ACTV",
        "league": 6,
        "favorite_team": null,
        "autopick": "RAND",
        "user": 8
    },
    "model": "picker.preference",
    "pk": 8
},
{
    "fields": {
        "status": "ACTV",
        "league": 6,
        "favorite_team": null,
        "autopick": "RAND",
        "user": 9
    },
    "model": "picker.preference",
    "pk": 9
},
{
    "fields": {
        "status": "ACTV",
        "league": 6,
        "favorite_team": null,
        "autopick": "RAND",
        "user": 10
    },
    "model": "picker.preference",
    "pk": 10
},
{
    "fields": {
        "logo": "",
        "is_pickable": true,
        "name": "National Football League",
        "abbr": "nfl"
    },
    "model": "picker.league",
    "pk": 6
},
{
    "fields": {
        "league": 6,
        "name": "AFC",
        "abbr": "AFC"
    },
    "model": "picker.conference",
    "pk": 29
},
{
    "fields": {
        "league": 6,
        "name": "NFC",
        "abbr": "NFC"
    },
    "model": "picker.conference",
    "pk": 30
},
{
    "fields": {
        "conference": 29,
        "name": "North"
    },
    "model": "picker.division",
    "pk": 1
},
{
    "fields": {
        "conference": 29,
        "name": "South"
    },
    "model": "picker.division",
    "pk": 2
},
{
    "fields": {
        "conference": 29,
        "name": "East"
    },
    "model": "picker.division",
    "pk": 3
},
{
    "fields": {
        "conference": 29,
        "name": "West"
    },
    "model": "picker.division",
    "pk": 4
},
{
    "fields": {
        "conference": 30,
        "name": "North"
    },
    "model": "picker.division",
    "pk": 5
},
{
    "fields": {
        "conference": 30,
        "name": "South"
    },
    "model": "picker.division",
    "pk": 6
},
{
    "fields": {
        "conference": 30,
        "name": "East"
    },
    "model": "picker.division",
    "pk": 7
},
{
    "fields": {
        "conference": 30,
        "name": "West"
    },
    "model": "picker.division",
    "pk": 8
},
{
    "fields": {
        "conference": 30,
        "league": 6,
        "name": "Arizona",
        "division": 8,
        "image": "",
        "colors": "",
        "logo": "picker/logos/ari.gif",
        "nickname": "Cardinals",
        "abbr": "ARI"
    },
    "model": "picker.team",
    "pk": 1
},
{
    "fields": {
        "conference": 30,
        "league": 6,
        "name": "Atlanta",
        "division": 6,
        "image": "",
        "colors": "",
        "logo": "picker/logos/atl.gif",
        "nickname": "Falcons",
        "abbr": "ATL"
    },
    "model": "picker.team",
    "pk": 2
},
{
    "fields": {
        "conference": 29,
        "league": 6,
        "name": "Baltimore",
        "division": 1,
        "image": "",
        "colors": "",
        "logo": "picker/logos/bal.gif",
        "nickname": "Ravens",
        "abbr": "BAL"
    },
    "model": "picker.team",
    "pk": 3
},
{
    "fields": {
        "conference": 29,
        "league": 6,
        "name": "Buffalo",
        "division": 3,
        "image": "",
        "colors": "",
        "logo": "picker/logos/buf.gif",
        "nickname": "Bills",
        "abbr": "BUF"
    },
    "model": "picker.team",
    "pk": 4
},
{
    "fields": {
        "conference": 30,
        "league": 6,
        "name": "Carolina",
        "division": 6,
        "image": "",
        "colors": "",
        "logo": "picker/logos/car.gif",
        "nickname": "Panthers",
        "abbr": "CAR"
    },
    "model": "picker.team",
    "pk": 5
},
{
    "fields": {
        "conference": 30,
        "league": 6,
        "name": "Chicago",
        "division": 5,
        "image": "",
        "colors": "",
        "logo": "picker/logos/chi.gif",
        "nickname": "Bears",
        "abbr": "CHI"
    },
    "model": "picker.team",
    "pk": 6
},
{
    "fields": {
        "conference": 29,
        "league": 6,
        "name": "Cincinnati",
        "division": 1,
        "image": "",
        "colors": "",
        "logo": "picker/logos/cin.gif",
        "nickname": "Bengals",
        "abbr": "CIN"
    },
    "model": "picker.team",
    "pk": 7
},
{
    "fields": {
        "conference": 29,
        "league": 6,
        "name": "Cleveland",
        "division": 1,
        "image": "",
        "colors": "",
        "logo": "picker/logos/cle.gif",
        "nickname": "Browns",
        "abbr": "CLE"
    },
    "model": "picker.team",
    "pk": 8
},
{
    "fields": {
        "conference": 30,
        "league": 6,
        "name": "Dallas",
        "division": 7,
        "image": "",
        "colors": "",
        "logo": "picker/logos/dal.gif",
        "nickname": "Cowboys",
        "abbr": "DAL"
    },
    "model": "picker.team",
    "pk": 9
},
{
    "fields": {
        "conference": 29,
        "league": 6,
        "name": "Denver",
        "division": 4,
        "image": "",
        "colors": "",
        "logo": "picker/logos/den.gif",
        "nickname": "Broncos",
        "abbr": "DEN"
    },
    "model": "picker.team",
    "pk": 10
},
{
    "fields": {
        "conference": 30,
        "league": 6,
        "name": "Detroit",
        "division": 5,
        "image": "",
        "colors": "",
        "logo": "picker/logos/det.gif",
        "nickname": "Lions",
        "abbr": "DET"
    },
    "model": "picker.team",
    "pk": 11
},
{
    "fields": {
        "conference": 30,
        "league": 6,
        "name": "Green Bay",
        "division": 5,
        "image": "",
        "colors": "",
        "logo": "picker/logos/gb.gif",
        "nickname": "Packers",
        "abbr": "GB"
    },
    "model": "picker.team",
    "pk": 12
},
{
    "fields": {
        "conference": 29,
        "league": 6,
        "name": "Houston",
        "division": 2,
        "image": "",
        "colors": "",
        "logo": "picker/logos/hou.gif",
        "nickname": "Texans",
        "abbr": "HOU"
    },
    "model": "picker.team",
    "pk": 13
},
{
    "fields": {
        "conference": 29,
        "league": 6,
        "name": "Indianapolis",
        "division": 2,
        "image": "",
        "colors": "",
        "logo": "picker/logos/ind.gif",
        "nickname": "Colts",
        "abbr": "IND"
    },
    "model": "picker.team",
    "pk": 14
},
{
    "fields": {
        "conference": 29,
        "league": 6,
        "name": "Jacksonville",
        "division": 2,
        "image": "",
        "colors": "",
        "logo": "picker/logos/jac.gif",
        "nickname": "Jaguars",
        "abbr": "JAC"
    },
    "model": "picker.team",
    "pk": 15
},
{
    "fields": {
        "conference": 29,
        "league": 6,
        "name": "Kansas City",
        "division": 4,
        "image": "",
        "colors": "",
        "logo": "picker/logos/kc.gif",
        "nickname": "Chiefs",
        "abbr": "KC"
    },
    "model": "picker.team",
    "pk": 16
},
{
    "fields": {
        "conference": 29,
        "league": 6,
        "name": "Miami",
        "division": 3,
        "image": "",
        "colors": "",
        "logo": "picker/logos/mia.gif",
        "nickname": "Dolphins",
        "abbr": "MIA"
    },
    "model": "picker.team",
    "pk": 17
},
{
    "fields": {
        "conference": 30,
        "league": 6,
        "name": "Minnesota",
        "division": 5,
        "image": "",
        "colors": "",
        "logo": "picker/logos/min.gif",
        "nickname": "Vikings",
        "abbr": "MIN"
    },
    "model": "picker.team",
    "pk": 18
},
{
    "fields": {
        "conference": 29,
        "league": 6,
        "name": "New England",
        "division": 3,
        "image": "",
        "colors": "",
        "logo": "picker/logos/ne.gif",
        "nickname": "Patriots",
        "abbr": "NE"
    },
    "model": "picker.team",
    "pk": 19
},
{
    "fields": {
        "conference": 30,
        "league": 6,
        "name": "New Orleans",
        "division": 6,
        "image": "",
        "colors": "",
        "logo": "picker/logos/no.gif",
        "nickname": "Saints",
        "abbr": "NO"
    },
    "model": "picker.team",
    "pk": 20
},
{
    "fields": {
        "conference": 30,
        "league": 6,
        "name": "New York",
        "division": 7,
        "image": "",
        "colors": "",
        "logo": "picker/logos/nyg.gif",
        "nickname": "Giants",
        "abbr": "NYG"
    },
    "model": "picker.team",
    "pk": 21
},
{
    "fields": {
        "conference": 29,
        "league": 6,
        "name": "New York",
        "division": 3,
        "image": "",
        "colors": "",
        "logo": "picker/logos/nyj.gif",
        "nickname": "Jets",
        "abbr": "NYJ"
    },
    "model": "picker.team",
    "pk": 22
},
{
    "fields": {
        "conference": 29,
        "league": 6,
        "name": "Oakland",
        "division": 4,
        "image": "",
        "colors": "",
        "logo": "picker/logos/oak.gif",
        "nickname": "Raiders",
        "abbr": "OAK"
    },
    "model": "picker.team",
    "pk": 23
},
{
    "fields": {
        "conference": 30,
        "league": 6,
        "name": "Philadelphia",
        "division": 7,
        "image": "",
        "colors": "",
        "logo": "picker/logos/phi.gif",
        "nickname": "Eagles",
        "abbr": "PHI"
    },
    "model": "picker.team",
    "pk": 24
},
{
    "fields": {
        "conference": 29,
        "league": 6,
        "name": "Pittsburgh",
        "division": 1,
        "image": "",
        "colors": "",
        "logo": "picker/logos/pit.gif",
        "nickname": "Steelers",
        "abbr": "PIT"
    },
    "model": "picker.team",
    "pk": 25
},
{
    "fields": {
        "conference": 29,
        "league": 6,
        "name": "San Diego",
        "division": 4,
        "image": "",
        "colors": "",
        "logo": "picker/logos/sd.gif",
        "nickname": "Chargers",
        "abbr": "SD"
    },
    "model": "picker.team",
    "pk": 26
},
{
    "fields": {
        "conference": 30,
        "league": 6,
        "name": "San Francisco",
        "division": 8,
        "image": "",
        "colors": "",
        "logo": "picker/logos/sf.gif",
        "nickname": "49ers",
        "abbr": "SF"
    },
    "model": "picker.team",
    "pk": 27
},
{
    "fields": {
        "conference": 30,
        "league": 6,
        "name": "Seattle",
        "division": 8,
        "image": "",
        "colors": "",
        "logo": "picker/logos/sea.gif",
        "nickname": "Seahawks",
        "abbr": "SEA"
    },
    "model": "picker.team",
    "pk": 28
},
{
    "fields": {
        "conference": 30,
        "league": 6,
        "name": "St. Louis",
        "division": 8,
        "image": "",
        "colors": "",
        "logo": "picker/logos/stl.gif",
        "nickname": "Rams",
        "abbr": "STL"
    },
    "model": "picker.team",
    "pk": 29
},
{
    "fields": {
        "conference": 30,
        "league": 6,
        "name": "Tampa Bay",
        "division": 6,
        "image": "",
        "colors": "",
        "logo": "picker/logos/tb.gif",
        "nickname": "Buccaneers",
        "abbr": "TB"
    },
    "model": "picker.team",
    "pk": 30
},
{
    "fields": {
        "conference": 29,
        "league": 6,
        "name": "Tennessee",
        "division": 2,
        "image": "",
        "colors": "",
        "logo": "picker/logos/ten.gif",
        "nickname": "Titans",
        "abbr": "TEN"
    },
    "model": "picker.team",
    "pk": 31
},
{
    "fields": {
        "conference": 30,
        "league": 6,
        "name": "Washington",
        "division": 7,
        "image": "",
        "colors": "",
        "logo": "picker/logos/was.gif",
        "nickname": "Redskins",
        "abbr": "WAS"
    },
    "model": "picker.team",
    "pk": 32
},
{
    "fields": {
        "name": "NY Jets",
        "team": 22
    },
    "model": "picker.alias",
    "pk": 131
},
{
    "fields": {
        "name": "NY Giants",
        "team": 21
    },
    "model": "picker.alias",
    "pk": 132
},
{
    "fields": {
        "name": "Saint Louis",
        "team": 29
    },
    "model": "picker.alias",
    "pk": 133
},
{
    "fields": {
        "name": "St Louis",
        "team": 29
    },
    "model": "picker.alias",
    "pk": 134
},
{
    "fields": {
        "name": "WSH",
        "team": 32
    },
    "model": "picker.alias",
    "pk": 135
},
{
    "fields": {
        "name": "JAX",
        "team": 15
    },
    "model": "picker.alias",
    "pk": 136
},
{
    "fields": {
        "week": 1,
        "league": 6,
        "closes": "2015-09-15T11:59:59",
        "season": 2015,
        "points": 0,
        "opens": "2015-09-08T12:00:00",
        "byes": []
    },
    "model": "picker.gameset",
    "pk": 1
},
{
    "fields": {
        "week": 2,
        "league": 6,
        "closes": "2015-09-22T11:59:59",
        "season": 2015,
        "points": 0,
        "opens": "2015-09-15T12:00:00",
        "byes": []
    },
    "model": "picker.gameset",
    "pk": 2
},
{
    "fields": {
        "week": 3,
        "league": 6,
        "closes": "2015-09-29T11:59:59",
        "season": 2015,
        "points": 0,
        "opens": "2015-09-22T12:00:00",
        "byes": []
    },
    "model": "picker.gameset",
    "pk": 3
},
{
    "fields": {
        "week": 4,
        "league": 6,
        "closes": "2015-10-06T11:59:59",
        "season": 2015,
        "points": 0,
        "opens": "2015-09-29T12:00:00",
        "byes": [
            19,
            31
        ]
    },
    "model": "picker.gameset",
    "pk": 4
},
{
    "fields": {
        "week": 5,
        "league": 6,
        "closes": "2015-10-13T11:59:59",
        "season": 2015,
        "points": 0,
        "opens": "2015-10-06T12:00:00",
        "byes": [
            5,
            17,
            18,
            22
        ]
    },
    "model": "picker.gameset",
    "pk": 5
},
{
    "fields": {
        "week": 6,
        "league": 6,
        "closes": "2015-10-20T11:59:59",
        "season": 2015,
        "points": 0,
        "opens": "2015-10-13T12:00:00",
        "byes": [
            9,
            23,
            29,
            30
        ]
    },
    "model": "picker.gameset",
    "pk": 6
},
{
    "fields": {
        "week": 7,
        "league": 6,
        "closes": "2015-10-27T11:59:59",
        "season": 2015,
        "points": 0,
        "opens": "2015-10-20T12:00:00",
        "byes": [
            6,
            7,
            10,
            12
        ]
    },
    "model": "picker.gameset",
    "pk": 7
},
{
    "fields": {
        "week": 8,
        "league": 6,
        "closes": "2015-11-03T11:59:59",
        "season": 2015,
        "points": 0,
        "opens": "2015-10-27T12:00:00",
        "byes": [
            4,
            15,
            24,
            32
        ]
    },
    "model": "picker.gameset",
    "pk": 8
},
{
    "fields": {
        "week": 9,
        "league": 6,
        "closes": "2015-11-10T11:59:59",
        "season": 2015,
        "points": 0,
        "opens": "2015-11-03T12:00:00",
        "byes": [
            1,
            3,
            11,
            13,
            16,
            28
        ]
    },
    "model": "picker.gameset",
    "pk": 9
},
{
    "fields": {
        "week": 10,
        "league": 6,
        "closes": "2015-11-17T11:59:59",
        "season": 2015,
        "points": 0,
        "opens": "2015-11-10T12:00:00",
        "byes": [
            2,
            14,
            26,
            27
        ]
    },
    "model": "picker.gameset",
    "pk": 10
},
{
    "fields": {
        "week": 11,
        "league": 6,
        "closes": "2015-11-24T11:59:59",
        "season": 2015,
        "points": 0,
        "opens": "2015-11-17T12:00:00",
        "byes": [
            8,
            20,
            21,
            25
        ]
    },
    "model": "picker.gameset",
    "pk": 11
},
{
    "fields": {
        "week": 12,
        "league": 6,
        "closes": "2015-12-01T11:59:59",
        "season": 2015,
        "points": 0,
        "opens": "2015-11-24T12:00:00",
        "byes": []
    },
    "model": "picker.gameset",
    "pk": 12
},
{
    "fields": {
        "week": 13,
        "league": 6,
        "closes": "2015-12-08T11:59:59",
        "season": 2015,
        "points": 0,
        "opens": "2015-12-01T12:00:00",
        "byes": []
    },
    "model": "picker.gameset",
    "pk": 13
},
{
    "fields": {
        "week": 14,
        "league": 6,
        "closes": "2015-12-15T11:59:59",
        "season": 2015,
        "points": 0,
        "opens": "2015-12-08T12:00:00",
        "byes": []
    },
    "model": "picker.gameset",
    "pk": 14
},
{
    "fields": {
        "week": 15,
        "league": 6,
        "closes": "2015-12-22T11:59:59",
        "season": 2015,
        "points": 0,
        "opens": "2015-12-15T12:00:00",
        "byes": []
    },
    "model": "picker.gameset",
    "pk": 15
},
{
    "fields": {
        "week": 16,
        "league": 6,
        "closes": "2015-12-29T11:59:59",
        "season": 2015,
        "points": 0,
        "opens": "2015-12-22T12:00:00",
        "byes": []
    },
    "model": "picker.gameset",
    "pk": 16
},
{
    "fields": {
        "week": 17,
        "league": 6,
        "closes": "2016-01-05T11:59:59",
        "season": 2015,
        "points": 0,
        "opens": "2015-12-29T12:00:00",
        "byes": []
    },
    "model": "picker.gameset",
    "pk": 17
},
{
    "fields": {
        "week": 1,
        "category": "REG",
        "tv": "NBC",
        "away": 25,
        "kickoff": "2015-09-10T20:30:00",
        "status": "U",
        "home": 19,
        "location": "Gillette Stadium, Foxboro"
    },
    "model": "picker.game",
    "pk": 1
},
{
    "fields": {
        "week": 1,
        "category": "REG",
        "tv": "FOX",
        "away": 12,
        "kickoff": "2015-09-13T13:00:00",
        "status": "U",
        "home": 6,
        "location": "Soldier Field, Chicago"
    },
    "model": "picker.game",
    "pk": 2
},
{
    "fields": {
        "week": 1,
        "category": "REG",
        "tv": "CBS",
        "away": 16,
        "kickoff": "2015-09-13T13:00:00",
        "status": "U",
        "home": 13,
        "location": "NRG Stadium, Houston"
    },
    "model": "picker.game",
    "pk": 3
},
{
    "fields": {
        "week": 1,
        "category": "REG",
        "tv": "CBS",
        "away": 8,
        "kickoff": "2015-09-13T13:00:00",
        "status": "U",
        "home": 22,
        "location": "MetLife Stadium, East Rutherford"
    },
    "model": "picker.game",
    "pk": 4
},
{
    "fields": {
        "week": 1,
        "category": "REG",
        "tv": "CBS",
        "away": 14,
        "kickoff": "2015-09-13T13:00:00",
        "status": "U",
        "home": 4,
        "location": "Ralph Wilson Stadium, Buffalo"
    },
    "model": "picker.game",
    "pk": 5
},
{
    "fields": {
        "week": 1,
        "category": "REG",
        "tv": "CBS",
        "away": 17,
        "kickoff": "2015-09-13T13:00:00",
        "status": "U",
        "home": 32,
        "location": "FedEx Field, Landover"
    },
    "model": "picker.game",
    "pk": 6
},
{
    "fields": {
        "week": 1,
        "category": "REG",
        "tv": "FOX",
        "away": 5,
        "kickoff": "2015-09-13T13:00:00",
        "status": "U",
        "home": 15,
        "location": "EverBank Field, Jacksonville"
    },
    "model": "picker.game",
    "pk": 7
},
{
    "fields": {
        "week": 1,
        "category": "REG",
        "tv": "FOX",
        "away": 28,
        "kickoff": "2015-09-13T13:00:00",
        "status": "U",
        "home": 29,
        "location": "Edward Jones Dome, Saint Louis"
    },
    "model": "picker.game",
    "pk": 8
},
{
    "fields": {
        "week": 1,
        "category": "REG",
        "tv": "FOX",
        "away": 20,
        "kickoff": "2015-09-13T16:05:00",
        "status": "U",
        "home": 1,
        "location": "U of Phoenix Stadium, Glendale"
    },
    "model": "picker.game",
    "pk": 9
},
{
    "fields": {
        "week": 1,
        "category": "REG",
        "tv": "FOX",
        "away": 11,
        "kickoff": "2015-09-13T16:05:00",
        "status": "U",
        "home": 26,
        "location": "Qualcomm Stadium, San Diego"
    },
    "model": "picker.game",
    "pk": 10
},
{
    "fields": {
        "week": 1,
        "category": "REG",
        "tv": "CBS",
        "away": 31,
        "kickoff": "2015-09-13T16:25:00",
        "status": "U",
        "home": 30,
        "location": "Raymond James Stadium, Tampa"
    },
    "model": "picker.game",
    "pk": 11
},
{
    "fields": {
        "week": 1,
        "category": "REG",
        "tv": "CBS",
        "away": 7,
        "kickoff": "2015-09-13T16:25:00",
        "status": "U",
        "home": 23,
        "location": "O.co Coliseum, Oakland"
    },
    "model": "picker.game",
    "pk": 12
},
{
    "fields": {
        "week": 1,
        "category": "REG",
        "tv": "CBS",
        "away": 3,
        "kickoff": "2015-09-13T16:25:00",
        "status": "U",
        "home": 10,
        "location": "Sports Authority Field at Mile High, Denver"
    },
    "model": "picker.game",
    "pk": 13
},
{
    "fields": {
        "week": 1,
        "category": "REG",
        "tv": "NBC",
        "away": 21,
        "kickoff": "2015-09-13T20:30:00",
        "status": "U",
        "home": 9,
        "location": "AT&T Stadium, Arlington"
    },
    "model": "picker.game",
    "pk": 14
},
{
    "fields": {
        "week": 1,
        "category": "REG",
        "tv": "ESPN",
        "away": 24,
        "kickoff": "2015-09-14T19:10:00",
        "status": "U",
        "home": 2,
        "location": "Georgia Dome, Atlanta"
    },
    "model": "picker.game",
    "pk": 15
},
{
    "fields": {
        "week": 1,
        "category": "REG",
        "tv": "ESPN",
        "away": 18,
        "kickoff": "2015-09-14T22:20:00",
        "status": "U",
        "home": 27,
        "location": "Levi's Stadium, Santa Clara"
    },
    "model": "picker.game",
    "pk": 16
},
{
    "fields": {
        "week": 2,
        "category": "REG",
        "tv": "CBS/NFL",
        "away": 10,
        "kickoff": "2015-09-17T20:25:00",
        "status": "U",
        "home": 16,
        "location": "Arrowhead Stadium, Kansas City"
    },
    "model": "picker.game",
    "pk": 17
},
{
    "fields": {
        "week": 2,
        "category": "REG",
        "tv": "CBS",
        "away": 13,
        "kickoff": "2015-09-20T13:00:00",
        "status": "U",
        "home": 5,
        "location": "Bank of America Stadium, Charlotte"
    },
    "model": "picker.game",
    "pk": 18
},
{
    "fields": {
        "week": 2,
        "category": "REG",
        "tv": "FOX",
        "away": 27,
        "kickoff": "2015-09-20T13:00:00",
        "status": "U",
        "home": 25,
        "location": "Heinz Field, Pittsburgh"
    },
    "model": "picker.game",
    "pk": 19
},
{
    "fields": {
        "week": 2,
        "category": "REG",
        "tv": "FOX",
        "away": 30,
        "kickoff": "2015-09-20T13:00:00",
        "status": "U",
        "home": 20,
        "location": "Mercedes-Benz Superdome, New Orleans"
    },
    "model": "picker.game",
    "pk": 20
},
{
    "fields": {
        "week": 2,
        "category": "REG",
        "tv": "FOX",
        "away": 11,
        "kickoff": "2015-09-20T13:00:00",
        "status": "U",
        "home": 18,
        "location": "TCF Bank Stadium, Minneapolis"
    },
    "model": "picker.game",
    "pk": 21
},
{
    "fields": {
        "week": 2,
        "category": "REG",
        "tv": "FOX",
        "away": 1,
        "kickoff": "2015-09-20T13:00:00",
        "status": "U",
        "home": 6,
        "location": "Soldier Field, Chicago"
    },
    "model": "picker.game",
    "pk": 22
},
{
    "fields": {
        "week": 2,
        "category": "REG",
        "tv": "CBS",
        "away": 19,
        "kickoff": "2015-09-20T13:00:00",
        "status": "U",
        "home": 4,
        "location": "Ralph Wilson Stadium, Buffalo"
    },
    "model": "picker.game",
    "pk": 23
},
{
    "fields": {
        "week": 2,
        "category": "REG",
        "tv": "CBS",
        "away": 26,
        "kickoff": "2015-09-20T13:00:00",
        "status": "U",
        "home": 7,
        "location": "Paul Brown Stadium, Cincinnati"
    },
    "model": "picker.game",
    "pk": 24
},
{
    "fields": {
        "week": 2,
        "category": "REG",
        "tv": "CBS",
        "away": 31,
        "kickoff": "2015-09-20T13:00:00",
        "status": "U",
        "home": 8,
        "location": "FirstEnergy Stadium, Cleveland"
    },
    "model": "picker.game",
    "pk": 25
},
{
    "fields": {
        "week": 2,
        "category": "REG",
        "tv": "FOX",
        "away": 2,
        "kickoff": "2015-09-20T13:00:00",
        "status": "U",
        "home": 21,
        "location": "MetLife Stadium, East Rutherford"
    },
    "model": "picker.game",
    "pk": 26
},
{
    "fields": {
        "week": 2,
        "category": "REG",
        "tv": "FOX",
        "away": 29,
        "kickoff": "2015-09-20T13:00:00",
        "status": "U",
        "home": 32,
        "location": "FedEx Field, Landover"
    },
    "model": "picker.game",
    "pk": 27
},
{
    "fields": {
        "week": 2,
        "category": "REG",
        "tv": "CBS",
        "away": 17,
        "kickoff": "2015-09-20T16:05:00",
        "status": "U",
        "home": 15,
        "location": "EverBank Field, Jacksonville"
    },
    "model": "picker.game",
    "pk": 28
},
{
    "fields": {
        "week": 2,
        "category": "REG",
        "tv": "CBS",
        "away": 3,
        "kickoff": "2015-09-20T16:05:00",
        "status": "U",
        "home": 23,
        "location": "O.co Coliseum, Oakland"
    },
    "model": "picker.game",
    "pk": 29
},
{
    "fields": {
        "week": 2,
        "category": "REG",
        "tv": "FOX",
        "away": 9,
        "kickoff": "2015-09-20T16:25:00",
        "status": "U",
        "home": 24,
        "location": "Lincoln Financial Field, Philadelphia"
    },
    "model": "picker.game",
    "pk": 30
},
{
    "fields": {
        "week": 2,
        "category": "REG",
        "tv": "NBC",
        "away": 28,
        "kickoff": "2015-09-20T20:30:00",
        "status": "U",
        "home": 12,
        "location": "Lambeau Field, Green Bay"
    },
    "model": "picker.game",
    "pk": 31
},
{
    "fields": {
        "week": 2,
        "category": "REG",
        "tv": "ESPN",
        "away": 22,
        "kickoff": "2015-09-21T20:30:00",
        "status": "U",
        "home": 14,
        "location": "Lucas Oil Stadium, Indianapolis"
    },
    "model": "picker.game",
    "pk": 32
},
{
    "fields": {
        "week": 3,
        "category": "REG",
        "tv": "CBS/NFL",
        "away": 32,
        "kickoff": "2015-09-24T20:25:00",
        "status": "U",
        "home": 21,
        "location": "MetLife Stadium, East Rutherford"
    },
    "model": "picker.game",
    "pk": 33
},
{
    "fields": {
        "week": 3,
        "category": "REG",
        "tv": "FOX",
        "away": 2,
        "kickoff": "2015-09-27T13:00:00",
        "status": "U",
        "home": 9,
        "location": "AT&T Stadium, Arlington"
    },
    "model": "picker.game",
    "pk": 34
},
{
    "fields": {
        "week": 3,
        "category": "REG",
        "tv": "CBS",
        "away": 14,
        "kickoff": "2015-09-27T13:00:00",
        "status": "U",
        "home": 31,
        "location": "LP Field, Nashville"
    },
    "model": "picker.game",
    "pk": 35
},
{
    "fields": {
        "week": 3,
        "category": "REG",
        "tv": "CBS",
        "away": 23,
        "kickoff": "2015-09-27T13:00:00",
        "status": "U",
        "home": 8,
        "location": "FirstEnergy Stadium, Cleveland"
    },
    "model": "picker.game",
    "pk": 36
},
{
    "fields": {
        "week": 3,
        "category": "REG",
        "tv": "CBS",
        "away": 7,
        "kickoff": "2015-09-27T13:00:00",
        "status": "U",
        "home": 3,
        "location": "M&T Bank Stadium, Baltimore"
    },
    "model": "picker.game",
    "pk": 37
},
{
    "fields": {
        "week": 3,
        "category": "REG",
        "tv": "CBS",
        "away": 15,
        "kickoff": "2015-09-27T13:00:00",
        "status": "U",
        "home": 19,
        "location": "Gillette Stadium, Foxboro"
    },
    "model": "picker.game",
    "pk": 38
},
{
    "fields": {
        "week": 3,
        "category": "REG",
        "tv": "FOX",
        "away": 20,
        "kickoff": "2015-09-27T13:00:00",
        "status": "U",
        "home": 5,
        "location": "Bank of America Stadium, Charlotte"
    },
    "model": "picker.game",
    "pk": 39
},
{
    "fields": {
        "week": 3,
        "category": "REG",
        "tv": "FOX",
        "away": 24,
        "kickoff": "2015-09-27T13:00:00",
        "status": "U",
        "home": 22,
        "location": "MetLife Stadium, East Rutherford"
    },
    "model": "picker.game",
    "pk": 40
},
{
    "fields": {
        "week": 3,
        "category": "REG",
        "tv": "FOX",
        "away": 30,
        "kickoff": "2015-09-27T13:00:00",
        "status": "U",
        "home": 13,
        "location": "NRG Stadium, Houston"
    },
    "model": "picker.game",
    "pk": 41
},
{
    "fields": {
        "week": 3,
        "category": "REG",
        "tv": "CBS",
        "away": 26,
        "kickoff": "2015-09-27T13:00:00",
        "status": "U",
        "home": 18,
        "location": "TCF Bank Stadium, Minneapolis"
    },
    "model": "picker.game",
    "pk": 42
},
{
    "fields": {
        "week": 3,
        "category": "REG",
        "tv": "CBS",
        "away": 25,
        "kickoff": "2015-09-27T13:00:00",
        "status": "U",
        "home": 29,
        "location": "Edward Jones Dome, Saint Louis"
    },
    "model": "picker.game",
    "pk": 43
},
{
    "fields": {
        "week": 3,
        "category": "REG",
        "tv": "FOX",
        "away": 27,
        "kickoff": "2015-09-27T16:05:00",
        "status": "U",
        "home": 1,
        "location": "U of Phoenix Stadium, Glendale"
    },
    "model": "picker.game",
    "pk": 44
},
{
    "fields": {
        "week": 3,
        "category": "REG",
        "tv": "CBS",
        "away": 4,
        "kickoff": "2015-09-27T16:25:00",
        "status": "U",
        "home": 17,
        "location": "Sun Life Stadium, Miami"
    },
    "model": "picker.game",
    "pk": 45
},
{
    "fields": {
        "week": 3,
        "category": "REG",
        "tv": "CBS",
        "away": 6,
        "kickoff": "2015-09-27T16:25:00",
        "status": "U",
        "home": 28,
        "location": "CenturyLink Field, Seattle"
    },
    "model": "picker.game",
    "pk": 46
},
{
    "fields": {
        "week": 3,
        "category": "REG",
        "tv": "NBC",
        "away": 10,
        "kickoff": "2015-09-27T20:30:00",
        "status": "U",
        "home": 11,
        "location": "Ford Field, Detroit"
    },
    "model": "picker.game",
    "pk": 47
},
{
    "fields": {
        "week": 3,
        "category": "REG",
        "tv": "ESPN",
        "away": 16,
        "kickoff": "2015-09-28T20:30:00",
        "status": "U",
        "home": 12,
        "location": "Lambeau Field, Green Bay"
    },
    "model": "picker.game",
    "pk": 48
},
{
    "fields": {
        "week": 4,
        "category": "REG",
        "tv": "CBS/NFL",
        "away": 3,
        "kickoff": "2015-10-01T20:25:00",
        "status": "U",
        "home": 25,
        "location": "Heinz Field, Pittsburgh"
    },
    "model": "picker.game",
    "pk": 49
},
{
    "fields": {
        "week": 4,
        "category": "REG",
        "tv": "CBS",
        "away": 22,
        "kickoff": "2015-10-04T09:30:00",
        "status": "U",
        "home": 17,
        "location": "Wembley Stadium, London"
    },
    "model": "picker.game",
    "pk": 50
},
{
    "fields": {
        "week": 4,
        "category": "REG",
        "tv": "CBS",
        "away": 15,
        "kickoff": "2015-10-04T13:00:00",
        "status": "U",
        "home": 14,
        "location": "Lucas Oil Stadium, Indianapolis"
    },
    "model": "picker.game",
    "pk": 51
},
{
    "fields": {
        "week": 4,
        "category": "REG",
        "tv": "FOX",
        "away": 21,
        "kickoff": "2015-10-04T13:00:00",
        "status": "U",
        "home": 4,
        "location": "Ralph Wilson Stadium, Buffalo"
    },
    "model": "picker.game",
    "pk": 52
},
{
    "fields": {
        "week": 4,
        "category": "REG",
        "tv": "FOX",
        "away": 5,
        "kickoff": "2015-10-04T13:00:00",
        "status": "U",
        "home": 30,
        "location": "Raymond James Stadium, Tampa"
    },
    "model": "picker.game",
    "pk": 53
},
{
    "fields": {
        "week": 4,
        "category": "REG",
        "tv": "FOX",
        "away": 24,
        "kickoff": "2015-10-04T13:00:00",
        "status": "U",
        "home": 32,
        "location": "FedEx Field, Landover"
    },
    "model": "picker.game",
    "pk": 54
},
{
    "fields": {
        "week": 4,
        "category": "REG",
        "tv": "CBS",
        "away": 23,
        "kickoff": "2015-10-04T13:00:00",
        "status": "U",
        "home": 6,
        "location": "Soldier Field, Chicago"
    },
    "model": "picker.game",
    "pk": 55
},
{
    "fields": {
        "week": 4,
        "category": "REG",
        "tv": "CBS",
        "away": 13,
        "kickoff": "2015-10-04T13:00:00",
        "status": "U",
        "home": 2,
        "location": "Georgia Dome, Atlanta"
    },
    "model": "picker.game",
    "pk": 56
},
{
    "fields": {
        "week": 4,
        "category": "REG",
        "tv": "CBS",
        "away": 16,
        "kickoff": "2015-10-04T13:00:00",
        "status": "U",
        "home": 7,
        "location": "Paul Brown Stadium, Cincinnati"
    },
    "model": "picker.game",
    "pk": 57
},
{
    "fields": {
        "week": 4,
        "category": "REG",
        "tv": "CBS",
        "away": 8,
        "kickoff": "2015-10-04T16:05:00",
        "status": "U",
        "home": 26,
        "location": "Qualcomm Stadium, San Diego"
    },
    "model": "picker.game",
    "pk": 58
},
{
    "fields": {
        "week": 4,
        "category": "REG",
        "tv": "FOX",
        "away": 12,
        "kickoff": "2015-10-04T16:25:00",
        "status": "U",
        "home": 27,
        "location": "Levi's Stadium, Santa Clara"
    },
    "model": "picker.game",
    "pk": 59
},
{
    "fields": {
        "week": 4,
        "category": "REG",
        "tv": "FOX",
        "away": 29,
        "kickoff": "2015-10-04T16:25:00",
        "status": "U",
        "home": 1,
        "location": "U of Phoenix Stadium, Glendale"
    },
    "model": "picker.game",
    "pk": 60
},
{
    "fields": {
        "week": 4,
        "category": "REG",
        "tv": "FOX",
        "away": 18,
        "kickoff": "2015-10-04T16:25:00",
        "status": "U",
        "home": 10,
        "location": "Sports Authority Field at Mile High, Denver"
    },
    "model": "picker.game",
    "pk": 61
},
{
    "fields": {
        "week": 4,
        "category": "REG",
        "tv": "NBC",
        "away": 9,
        "kickoff": "2015-10-04T20:30:00",
        "status": "U",
        "home": 20,
        "location": "Mercedes-Benz Superdome, New Orleans"
    },
    "model": "picker.game",
    "pk": 62
},
{
    "fields": {
        "week": 4,
        "category": "REG",
        "tv": "ESPN",
        "away": 11,
        "kickoff": "2015-10-05T20:30:00",
        "status": "U",
        "home": 28,
        "location": "CenturyLink Field, Seattle"
    },
    "model": "picker.game",
    "pk": 63
},
{
    "fields": {
        "week": 5,
        "category": "REG",
        "tv": "CBS/NFL",
        "away": 14,
        "kickoff": "2015-10-08T20:25:00",
        "status": "U",
        "home": 13,
        "location": "NRG Stadium, Houston"
    },
    "model": "picker.game",
    "pk": 64
},
{
    "fields": {
        "week": 5,
        "category": "REG",
        "tv": "FOX",
        "away": 6,
        "kickoff": "2015-10-11T13:00:00",
        "status": "U",
        "home": 16,
        "location": "Arrowhead Stadium, Kansas City"
    },
    "model": "picker.game",
    "pk": 65
},
{
    "fields": {
        "week": 5,
        "category": "REG",
        "tv": "FOX",
        "away": 28,
        "kickoff": "2015-10-11T13:00:00",
        "status": "U",
        "home": 7,
        "location": "Paul Brown Stadium, Cincinnati"
    },
    "model": "picker.game",
    "pk": 66
},
{
    "fields": {
        "week": 5,
        "category": "REG",
        "tv": "FOX",
        "away": 32,
        "kickoff": "2015-10-11T13:00:00",
        "status": "U",
        "home": 2,
        "location": "Georgia Dome, Atlanta"
    },
    "model": "picker.game",
    "pk": 67
},
{
    "fields": {
        "week": 5,
        "category": "REG",
        "tv": "CBS",
        "away": 15,
        "kickoff": "2015-10-11T13:00:00",
        "status": "U",
        "home": 30,
        "location": "Raymond James Stadium, Tampa"
    },
    "model": "picker.game",
    "pk": 68
},
{
    "fields": {
        "week": 5,
        "category": "REG",
        "tv": "FOX",
        "away": 20,
        "kickoff": "2015-10-11T13:00:00",
        "status": "U",
        "home": 24,
        "location": "Lincoln Financial Field, Philadelphia"
    },
    "model": "picker.game",
    "pk": 69
},
{
    "fields": {
        "week": 5,
        "category": "REG",
        "tv": "CBS",
        "away": 8,
        "kickoff": "2015-10-11T13:00:00",
        "status": "U",
        "home": 3,
        "location": "M&T Bank Stadium, Baltimore"
    },
    "model": "picker.game",
    "pk": 70
},
{
    "fields": {
        "week": 5,
        "category": "REG",
        "tv": "CBS",
        "away": 29,
        "kickoff": "2015-10-11T13:00:00",
        "status": "U",
        "home": 12,
        "location": "Lambeau Field, Green Bay"
    },
    "model": "picker.game",
    "pk": 71
},
{
    "fields": {
        "week": 5,
        "category": "REG",
        "tv": "CBS",
        "away": 4,
        "kickoff": "2015-10-11T13:00:00",
        "status": "U",
        "home": 31,
        "location": "LP Field, Nashville"
    },
    "model": "picker.game",
    "pk": 72
},
{
    "fields": {
        "week": 5,
        "category": "REG",
        "tv": "FOX",
        "away": 1,
        "kickoff": "2015-10-11T16:05:00",
        "status": "U",
        "home": 11,
        "location": "Ford Field, Detroit"
    },
    "model": "picker.game",
    "pk": 73
},
{
    "fields": {
        "week": 5,
        "category": "REG",
        "tv": "CBS",
        "away": 19,
        "kickoff": "2015-10-11T16:25:00",
        "status": "U",
        "home": 9,
        "location": "AT&T Stadium, Arlington"
    },
    "model": "picker.game",
    "pk": 74
},
{
    "fields": {
        "week": 5,
        "category": "REG",
        "tv": "CBS",
        "away": 10,
        "kickoff": "2015-10-11T16:25:00",
        "status": "U",
        "home": 23,
        "location": "O.co Coliseum, Oakland"
    },
    "model": "picker.game",
    "pk": 75
},
{
    "fields": {
        "week": 5,
        "category": "REG",
        "tv": "NBC",
        "away": 27,
        "kickoff": "2015-10-11T20:30:00",
        "status": "U",
        "home": 21,
        "location": "MetLife Stadium, East Rutherford"
    },
    "model": "picker.game",
    "pk": 76
},
{
    "fields": {
        "week": 5,
        "category": "REG",
        "tv": "ESPN",
        "away": 25,
        "kickoff": "2015-10-12T20:30:00",
        "status": "U",
        "home": 26,
        "location": "Qualcomm Stadium, San Diego"
    },
    "model": "picker.game",
    "pk": 77
},
{
    "fields": {
        "week": 6,
        "category": "REG",
        "tv": "CBS/NFL",
        "away": 2,
        "kickoff": "2015-10-15T20:25:00",
        "status": "U",
        "home": 20,
        "location": "Mercedes-Benz Superdome, New Orleans"
    },
    "model": "picker.game",
    "pk": 78
},
{
    "fields": {
        "week": 6,
        "category": "REG",
        "tv": "FOX",
        "away": 32,
        "kickoff": "2015-10-18T13:00:00",
        "status": "U",
        "home": 22,
        "location": "MetLife Stadium, East Rutherford"
    },
    "model": "picker.game",
    "pk": 79
},
{
    "fields": {
        "week": 6,
        "category": "REG",
        "tv": "FOX",
        "away": 1,
        "kickoff": "2015-10-18T13:00:00",
        "status": "U",
        "home": 25,
        "location": "Heinz Field, Pittsburgh"
    },
    "model": "picker.game",
    "pk": 80
},
{
    "fields": {
        "week": 6,
        "category": "REG",
        "tv": "CBS",
        "away": 16,
        "kickoff": "2015-10-18T13:00:00",
        "status": "U",
        "home": 18,
        "location": "TCF Bank Stadium, Minneapolis"
    },
    "model": "picker.game",
    "pk": 81
},
{
    "fields": {
        "week": 6,
        "category": "REG",
        "tv": "CBS",
        "away": 7,
        "kickoff": "2015-10-18T13:00:00",
        "status": "U",
        "home": 4,
        "location": "Ralph Wilson Stadium, Buffalo"
    },
    "model": "picker.game",
    "pk": 82
},
{
    "fields": {
        "week": 6,
        "category": "REG",
        "tv": "FOX",
        "away": 6,
        "kickoff": "2015-10-18T13:00:00",
        "status": "U",
        "home": 11,
        "location": "Ford Field, Detroit"
    },
    "model": "picker.game",
    "pk": 83
},
{
    "fields": {
        "week": 6,
        "category": "REG",
        "tv": "CBS",
        "away": 10,
        "kickoff": "2015-10-18T13:00:00",
        "status": "U",
        "home": 8,
        "location": "FirstEnergy Stadium, Cleveland"
    },
    "model": "picker.game",
    "pk": 84
},
{
    "fields": {
        "week": 6,
        "category": "REG",
        "tv": "CBS",
        "away": 13,
        "kickoff": "2015-10-18T13:00:00",
        "status": "U",
        "home": 15,
        "location": "EverBank Field, Jacksonville"
    },
    "model": "picker.game",
    "pk": 85
},
{
    "fields": {
        "week": 6,
        "category": "REG",
        "tv": "CBS",
        "away": 17,
        "kickoff": "2015-10-18T13:00:00",
        "status": "U",
        "home": 31,
        "location": "LP Field, Nashville"
    },
    "model": "picker.game",
    "pk": 86
},
{
    "fields": {
        "week": 6,
        "category": "REG",
        "tv": "FOX",
        "away": 5,
        "kickoff": "2015-10-18T16:05:00",
        "status": "U",
        "home": 28,
        "location": "CenturyLink Field, Seattle"
    },
    "model": "picker.game",
    "pk": 87
},
{
    "fields": {
        "week": 6,
        "category": "REG",
        "tv": "CBS",
        "away": 26,
        "kickoff": "2015-10-18T16:25:00",
        "status": "U",
        "home": 12,
        "location": "Lambeau Field, Green Bay"
    },
    "model": "picker.game",
    "pk": 88
},
{
    "fields": {
        "week": 6,
        "category": "REG",
        "tv": "CBS",
        "away": 3,
        "kickoff": "2015-10-18T16:25:00",
        "status": "U",
        "home": 27,
        "location": "Levi's Stadium, Santa Clara"
    },
    "model": "picker.game",
    "pk": 89
},
{
    "fields": {
        "week": 6,
        "category": "REG",
        "tv": "NBC",
        "away": 19,
        "kickoff": "2015-10-18T20:30:00",
        "status": "U",
        "home": 14,
        "location": "Lucas Oil Stadium, Indianapolis"
    },
    "model": "picker.game",
    "pk": 90
},
{
    "fields": {
        "week": 6,
        "category": "REG",
        "tv": "ESPN",
        "away": 21,
        "kickoff": "2015-10-19T20:30:00",
        "status": "U",
        "home": 24,
        "location": "Lincoln Financial Field, Philadelphia"
    },
    "model": "picker.game",
    "pk": 91
},
{
    "fields": {
        "week": 7,
        "category": "REG",
        "tv": "CBS/NFL",
        "away": 28,
        "kickoff": "2015-10-22T20:25:00",
        "status": "U",
        "home": 27,
        "location": "Levi's Stadium, Santa Clara"
    },
    "model": "picker.game",
    "pk": 92
},
{
    "fields": {
        "week": 7,
        "category": "REG",
        "tv": "Yahoo",
        "away": 4,
        "kickoff": "2015-10-25T09:30:00",
        "status": "U",
        "home": 15,
        "location": "Wembley Stadium, London"
    },
    "model": "picker.game",
    "pk": 93
},
{
    "fields": {
        "week": 7,
        "category": "REG",
        "tv": "FOX",
        "away": 30,
        "kickoff": "2015-10-25T13:00:00",
        "status": "U",
        "home": 32,
        "location": "FedEx Field, Landover"
    },
    "model": "picker.game",
    "pk": 94
},
{
    "fields": {
        "week": 7,
        "category": "REG",
        "tv": "FOX",
        "away": 2,
        "kickoff": "2015-10-25T13:00:00",
        "status": "U",
        "home": 31,
        "location": "LP Field, Nashville"
    },
    "model": "picker.game",
    "pk": 95
},
{
    "fields": {
        "week": 7,
        "category": "REG",
        "tv": "FOX",
        "away": 20,
        "kickoff": "2015-10-25T13:00:00",
        "status": "U",
        "home": 14,
        "location": "Lucas Oil Stadium, Indianapolis"
    },
    "model": "picker.game",
    "pk": 96
},
{
    "fields": {
        "week": 7,
        "category": "REG",
        "tv": "FOX",
        "away": 18,
        "kickoff": "2015-10-25T13:00:00",
        "status": "U",
        "home": 11,
        "location": "Ford Field, Detroit"
    },
    "model": "picker.game",
    "pk": 97
},
{
    "fields": {
        "week": 7,
        "category": "REG",
        "tv": "CBS",
        "away": 25,
        "kickoff": "2015-10-25T13:00:00",
        "status": "U",
        "home": 16,
        "location": "Arrowhead Stadium, Kansas City"
    },
    "model": "picker.game",
    "pk": 98
},
{
    "fields": {
        "week": 7,
        "category": "REG",
        "tv": "CBS",
        "away": 8,
        "kickoff": "2015-10-25T13:00:00",
        "status": "U",
        "home": 29,
        "location": "Edward Jones Dome, Saint Louis"
    },
    "model": "picker.game",
    "pk": 99
},
{
    "fields": {
        "week": 7,
        "category": "REG",
        "tv": "CBS",
        "away": 13,
        "kickoff": "2015-10-25T13:00:00",
        "status": "U",
        "home": 17,
        "location": "Sun Life Stadium, Miami"
    },
    "model": "picker.game",
    "pk": 100
},
{
    "fields": {
        "week": 7,
        "category": "REG",
        "tv": "CBS",
        "away": 22,
        "kickoff": "2015-10-25T13:00:00",
        "status": "U",
        "home": 19,
        "location": "Gillette Stadium, Foxboro"
    },
    "model": "picker.game",
    "pk": 101
},
{
    "fields": {
        "week": 7,
        "category": "REG",
        "tv": "CBS",
        "away": 23,
        "kickoff": "2015-10-25T16:05:00",
        "status": "U",
        "home": 26,
        "location": "Qualcomm Stadium, San Diego"
    },
    "model": "picker.game",
    "pk": 102
},
{
    "fields": {
        "week": 7,
        "category": "REG",
        "tv": "FOX",
        "away": 9,
        "kickoff": "2015-10-25T16:25:00",
        "status": "U",
        "home": 21,
        "location": "MetLife Stadium, East Rutherford"
    },
    "model": "picker.game",
    "pk": 103
},
{
    "fields": {
        "week": 7,
        "category": "REG",
        "tv": "NBC",
        "away": 24,
        "kickoff": "2015-10-25T20:30:00",
        "status": "U",
        "home": 5,
        "location": "Bank of America Stadium, Charlotte"
    },
    "model": "picker.game",
    "pk": 104
},
{
    "fields": {
        "week": 7,
        "category": "REG",
        "tv": "ESPN",
        "away": 3,
        "kickoff": "2015-10-26T20:30:00",
        "status": "U",
        "home": 1,
        "location": "U of Phoenix Stadium, Glendale"
    },
    "model": "picker.game",
    "pk": 105
},
{
    "fields": {
        "week": 8,
        "category": "REG",
        "tv": "CBS/NFL",
        "away": 17,
        "kickoff": "2015-10-29T20:25:00",
        "status": "U",
        "home": 19,
        "location": "Gillette Stadium, Foxboro"
    },
    "model": "picker.game",
    "pk": 106
},
{
    "fields": {
        "week": 8,
        "category": "REG",
        "tv": "FOX",
        "away": 11,
        "kickoff": "2015-11-01T09:30:00",
        "status": "U",
        "home": 16,
        "location": "Wembley Stadium, London"
    },
    "model": "picker.game",
    "pk": 107
},
{
    "fields": {
        "week": 8,
        "category": "REG",
        "tv": "FOX",
        "away": 30,
        "kickoff": "2015-11-01T13:00:00",
        "status": "U",
        "home": 2,
        "location": "Georgia Dome, Atlanta"
    },
    "model": "picker.game",
    "pk": 108
},
{
    "fields": {
        "week": 8,
        "category": "REG",
        "tv": "FOX",
        "away": 1,
        "kickoff": "2015-11-01T13:00:00",
        "status": "U",
        "home": 8,
        "location": "FirstEnergy Stadium, Cleveland"
    },
    "model": "picker.game",
    "pk": 109
},
{
    "fields": {
        "week": 8,
        "category": "REG",
        "tv": "FOX",
        "away": 27,
        "kickoff": "2015-11-01T13:00:00",
        "status": "U",
        "home": 29,
        "location": "Edward Jones Dome, Saint Louis"
    },
    "model": "picker.game",
    "pk": 110
},
{
    "fields": {
        "week": 8,
        "category": "REG",
        "tv": "FOX",
        "away": 21,
        "kickoff": "2015-11-01T13:00:00",
        "status": "U",
        "home": 20,
        "location": "Mercedes-Benz Superdome, New Orleans"
    },
    "model": "picker.game",
    "pk": 111
},
{
    "fields": {
        "week": 8,
        "category": "REG",
        "tv": "FOX",
        "away": 18,
        "kickoff": "2015-11-01T13:00:00",
        "status": "U",
        "home": 6,
        "location": "Soldier Field, Chicago"
    },
    "model": "picker.game",
    "pk": 112
},
{
    "fields": {
        "week": 8,
        "category": "REG",
        "tv": "CBS",
        "away": 26,
        "kickoff": "2015-11-01T13:00:00",
        "status": "U",
        "home": 3,
        "location": "M&T Bank Stadium, Baltimore"
    },
    "model": "picker.game",
    "pk": 113
},
{
    "fields": {
        "week": 8,
        "category": "REG",
        "tv": "CBS",
        "away": 7,
        "kickoff": "2015-11-01T13:00:00",
        "status": "U",
        "home": 25,
        "location": "Heinz Field, Pittsburgh"
    },
    "model": "picker.game",
    "pk": 114
},
{
    "fields": {
        "week": 8,
        "category": "REG",
        "tv": "CBS",
        "away": 31,
        "kickoff": "2015-11-01T13:00:00",
        "status": "U",
        "home": 13,
        "location": "NRG Stadium, Houston"
    },
    "model": "picker.game",
    "pk": 115
},
{
    "fields": {
        "week": 8,
        "category": "REG",
        "tv": "CBS",
        "away": 22,
        "kickoff": "2015-11-01T16:05:00",
        "status": "U",
        "home": 23,
        "location": "O.co Coliseum, Oakland"
    },
    "model": "picker.game",
    "pk": 116
},
{
    "fields": {
        "week": 8,
        "category": "REG",
        "tv": "FOX",
        "away": 28,
        "kickoff": "2015-11-01T16:25:00",
        "status": "U",
        "home": 9,
        "location": "AT&T Stadium, Arlington"
    },
    "model": "picker.game",
    "pk": 117
},
{
    "fields": {
        "week": 8,
        "category": "REG",
        "tv": "NBC",
        "away": 12,
        "kickoff": "2015-11-01T20:30:00",
        "status": "U",
        "home": 10,
        "location": "Sports Authority Field at Mile High, Denver"
    },
    "model": "picker.game",
    "pk": 118
},
{
    "fields": {
        "week": 8,
        "category": "REG",
        "tv": "ESPN",
        "away": 14,
        "kickoff": "2015-11-02T20:30:00",
        "status": "U",
        "home": 5,
        "location": "Bank of America Stadium, Charlotte"
    },
    "model": "picker.game",
    "pk": 119
},
{
    "fields": {
        "week": 9,
        "category": "REG",
        "tv": "NFL",
        "away": 8,
        "kickoff": "2015-11-05T20:25:00",
        "status": "U",
        "home": 7,
        "location": "Paul Brown Stadium, Cincinnati"
    },
    "model": "picker.game",
    "pk": 120
},
{
    "fields": {
        "week": 9,
        "category": "REG",
        "tv": "FOX",
        "away": 12,
        "kickoff": "2015-11-08T13:00:00",
        "status": "U",
        "home": 5,
        "location": "Bank of America Stadium, Charlotte"
    },
    "model": "picker.game",
    "pk": 121
},
{
    "fields": {
        "week": 9,
        "category": "REG",
        "tv": "FOX",
        "away": 32,
        "kickoff": "2015-11-08T13:00:00",
        "status": "U",
        "home": 19,
        "location": "Gillette Stadium, Foxboro"
    },
    "model": "picker.game",
    "pk": 122
},
{
    "fields": {
        "week": 9,
        "category": "REG",
        "tv": "CBS",
        "away": 31,
        "kickoff": "2015-11-08T13:00:00",
        "status": "U",
        "home": 20,
        "location": "Mercedes-Benz Superdome, New Orleans"
    },
    "model": "picker.game",
    "pk": 123
},
{
    "fields": {
        "week": 9,
        "category": "REG",
        "tv": "CBS",
        "away": 17,
        "kickoff": "2015-11-08T13:00:00",
        "status": "U",
        "home": 4,
        "location": "Ralph Wilson Stadium, Buffalo"
    },
    "model": "picker.game",
    "pk": 124
},
{
    "fields": {
        "week": 9,
        "category": "REG",
        "tv": "FOX",
        "away": 29,
        "kickoff": "2015-11-08T13:00:00",
        "status": "U",
        "home": 18,
        "location": "TCF Bank Stadium, Minneapolis"
    },
    "model": "picker.game",
    "pk": 125
},
{
    "fields": {
        "week": 9,
        "category": "REG",
        "tv": "CBS",
        "away": 15,
        "kickoff": "2015-11-08T13:00:00",
        "status": "U",
        "home": 22,
        "location": "MetLife Stadium, East Rutherford"
    },
    "model": "picker.game",
    "pk": 126
},
{
    "fields": {
        "week": 9,
        "category": "REG",
        "tv": "CBS",
        "away": 23,
        "kickoff": "2015-11-08T13:00:00",
        "status": "U",
        "home": 25,
        "location": "Heinz Field, Pittsburgh"
    },
    "model": "picker.game",
    "pk": 127
},
{
    "fields": {
        "week": 9,
        "category": "REG",
        "tv": "FOX",
        "away": 21,
        "kickoff": "2015-11-08T16:05:00",
        "status": "U",
        "home": 30,
        "location": "Raymond James Stadium, Tampa"
    },
    "model": "picker.game",
    "pk": 128
},
{
    "fields": {
        "week": 9,
        "category": "REG",
        "tv": "FOX",
        "away": 2,
        "kickoff": "2015-11-08T16:05:00",
        "status": "U",
        "home": 27,
        "location": "Levi's Stadium, Santa Clara"
    },
    "model": "picker.game",
    "pk": 129
},
{
    "fields": {
        "week": 9,
        "category": "REG",
        "tv": "CBS",
        "away": 10,
        "kickoff": "2015-11-08T16:25:00",
        "status": "U",
        "home": 14,
        "location": "Lucas Oil Stadium, Indianapolis"
    },
    "model": "picker.game",
    "pk": 130
},
{
    "fields": {
        "week": 9,
        "category": "REG",
        "tv": "NBC",
        "away": 24,
        "kickoff": "2015-11-08T20:30:00",
        "status": "U",
        "home": 9,
        "location": "AT&T Stadium, Arlington"
    },
    "model": "picker.game",
    "pk": 131
},
{
    "fields": {
        "week": 9,
        "category": "REG",
        "tv": "ESPN",
        "away": 6,
        "kickoff": "2015-11-09T20:30:00",
        "status": "U",
        "home": 26,
        "location": "Qualcomm Stadium, San Diego"
    },
    "model": "picker.game",
    "pk": 132
},
{
    "fields": {
        "week": 10,
        "category": "REG",
        "tv": "NFL",
        "away": 4,
        "kickoff": "2015-11-12T20:25:00",
        "status": "U",
        "home": 22,
        "location": "MetLife Stadium, East Rutherford"
    },
    "model": "picker.game",
    "pk": 133
},
{
    "fields": {
        "week": 10,
        "category": "REG",
        "tv": "FOX",
        "away": 11,
        "kickoff": "2015-11-15T13:00:00",
        "status": "U",
        "home": 12,
        "location": "Lambeau Field, Green Bay"
    },
    "model": "picker.game",
    "pk": 134
},
{
    "fields": {
        "week": 10,
        "category": "REG",
        "tv": "FOX",
        "away": 9,
        "kickoff": "2015-11-15T13:00:00",
        "status": "U",
        "home": 30,
        "location": "Raymond James Stadium, Tampa"
    },
    "model": "picker.game",
    "pk": 135
},
{
    "fields": {
        "week": 10,
        "category": "REG",
        "tv": "FOX",
        "away": 5,
        "kickoff": "2015-11-15T13:00:00",
        "status": "U",
        "home": 31,
        "location": "LP Field, Nashville"
    },
    "model": "picker.game",
    "pk": 136
},
{
    "fields": {
        "week": 10,
        "category": "REG",
        "tv": "FOX",
        "away": 6,
        "kickoff": "2015-11-15T13:00:00",
        "status": "U",
        "home": 29,
        "location": "Edward Jones Dome, Saint Louis"
    },
    "model": "picker.game",
    "pk": 137
},
{
    "fields": {
        "week": 10,
        "category": "REG",
        "tv": "FOX",
        "away": 20,
        "kickoff": "2015-11-15T13:00:00",
        "status": "U",
        "home": 32,
        "location": "FedEx Field, Landover"
    },
    "model": "picker.game",
    "pk": 138
},
{
    "fields": {
        "week": 10,
        "category": "REG",
        "tv": "CBS",
        "away": 17,
        "kickoff": "2015-11-15T13:00:00",
        "status": "U",
        "home": 24,
        "location": "Lincoln Financial Field, Philadelphia"
    },
    "model": "picker.game",
    "pk": 139
},
{
    "fields": {
        "week": 10,
        "category": "REG",
        "tv": "CBS",
        "away": 8,
        "kickoff": "2015-11-15T13:00:00",
        "status": "U",
        "home": 25,
        "location": "Heinz Field, Pittsburgh"
    },
    "model": "picker.game",
    "pk": 140
},
{
    "fields": {
        "week": 10,
        "category": "REG",
        "tv": "CBS",
        "away": 15,
        "kickoff": "2015-11-15T13:00:00",
        "status": "U",
        "home": 3,
        "location": "M&T Bank Stadium, Baltimore"
    },
    "model": "picker.game",
    "pk": 141
},
{
    "fields": {
        "week": 10,
        "category": "REG",
        "tv": "FOX",
        "away": 18,
        "kickoff": "2015-11-15T16:05:00",
        "status": "U",
        "home": 23,
        "location": "O.co Coliseum, Oakland"
    },
    "model": "picker.game",
    "pk": 142
},
{
    "fields": {
        "week": 10,
        "category": "REG",
        "tv": "CBS",
        "away": 19,
        "kickoff": "2015-11-15T16:25:00",
        "status": "U",
        "home": 21,
        "location": "MetLife Stadium, East Rutherford"
    },
    "model": "picker.game",
    "pk": 143
},
{
    "fields": {
        "week": 10,
        "category": "REG",
        "tv": "CBS",
        "away": 16,
        "kickoff": "2015-11-15T16:25:00",
        "status": "U",
        "home": 10,
        "location": "Sports Authority Field at Mile High, Denver"
    },
    "model": "picker.game",
    "pk": 144
},
{
    "fields": {
        "week": 10,
        "category": "REG",
        "tv": "NBC",
        "away": 1,
        "kickoff": "2015-11-15T20:30:00",
        "status": "U",
        "home": 28,
        "location": "CenturyLink Field, Seattle"
    },
    "model": "picker.game",
    "pk": 145
},
{
    "fields": {
        "week": 10,
        "category": "REG",
        "tv": "ESPN",
        "away": 13,
        "kickoff": "2015-11-16T20:30:00",
        "status": "U",
        "home": 7,
        "location": "Paul Brown Stadium, Cincinnati"
    },
    "model": "picker.game",
    "pk": 146
},
{
    "fields": {
        "week": 11,
        "category": "REG",
        "tv": "NFL",
        "away": 31,
        "kickoff": "2015-11-19T20:25:00",
        "status": "U",
        "home": 15,
        "location": "EverBank Field, Jacksonville"
    },
    "model": "picker.game",
    "pk": 147
},
{
    "fields": {
        "week": 11,
        "category": "REG",
        "tv": "CBS",
        "away": 23,
        "kickoff": "2015-11-22T13:00:00",
        "status": "U",
        "home": 11,
        "location": "Ford Field, Detroit"
    },
    "model": "picker.game",
    "pk": 148
},
{
    "fields": {
        "week": 11,
        "category": "REG",
        "tv": "CBS",
        "away": 14,
        "kickoff": "2015-11-22T13:00:00",
        "status": "U",
        "home": 2,
        "location": "Georgia Dome, Atlanta"
    },
    "model": "picker.game",
    "pk": 149
},
{
    "fields": {
        "week": 11,
        "category": "REG",
        "tv": "CBS",
        "away": 22,
        "kickoff": "2015-11-22T13:00:00",
        "status": "U",
        "home": 13,
        "location": "NRG Stadium, Houston"
    },
    "model": "picker.game",
    "pk": 150
},
{
    "fields": {
        "week": 11,
        "category": "REG",
        "tv": "FOX",
        "away": 30,
        "kickoff": "2015-11-22T13:00:00",
        "status": "U",
        "home": 24,
        "location": "Lincoln Financial Field, Philadelphia"
    },
    "model": "picker.game",
    "pk": 151
},
{
    "fields": {
        "week": 11,
        "category": "REG",
        "tv": "CBS",
        "away": 10,
        "kickoff": "2015-11-22T13:00:00",
        "status": "U",
        "home": 6,
        "location": "Soldier Field, Chicago"
    },
    "model": "picker.game",
    "pk": 152
},
{
    "fields": {
        "week": 11,
        "category": "REG",
        "tv": "FOX",
        "away": 12,
        "kickoff": "2015-11-22T13:00:00",
        "status": "U",
        "home": 18,
        "location": "TCF Bank Stadium, Minneapolis"
    },
    "model": "picker.game",
    "pk": 153
},
{
    "fields": {
        "week": 11,
        "category": "REG",
        "tv": "FOX",
        "away": 29,
        "kickoff": "2015-11-22T13:00:00",
        "status": "U",
        "home": 3,
        "location": "M&T Bank Stadium, Baltimore"
    },
    "model": "picker.game",
    "pk": 154
},
{
    "fields": {
        "week": 11,
        "category": "REG",
        "tv": "FOX",
        "away": 9,
        "kickoff": "2015-11-22T13:00:00",
        "status": "U",
        "home": 17,
        "location": "Sun Life Stadium, Miami"
    },
    "model": "picker.game",
    "pk": 155
},
{
    "fields": {
        "week": 11,
        "category": "REG",
        "tv": "FOX",
        "away": 32,
        "kickoff": "2015-11-22T13:00:00",
        "status": "U",
        "home": 5,
        "location": "Bank of America Stadium, Charlotte"
    },
    "model": "picker.game",
    "pk": 156
},
{
    "fields": {
        "week": 11,
        "category": "REG",
        "tv": "CBS",
        "away": 7,
        "kickoff": "2015-11-22T16:05:00",
        "status": "U",
        "home": 1,
        "location": "U of Phoenix Stadium, Glendale"
    },
    "model": "picker.game",
    "pk": 157
},
{
    "fields": {
        "week": 11,
        "category": "REG",
        "tv": "FOX",
        "away": 27,
        "kickoff": "2015-11-22T16:25:00",
        "status": "U",
        "home": 28,
        "location": "CenturyLink Field, Seattle"
    },
    "model": "picker.game",
    "pk": 158
},
{
    "fields": {
        "week": 11,
        "category": "REG",
        "tv": "NBC",
        "away": 16,
        "kickoff": "2015-11-22T20:30:00",
        "status": "U",
        "home": 26,
        "location": "Qualcomm Stadium, San Diego"
    },
    "model": "picker.game",
    "pk": 159
},
{
    "fields": {
        "week": 11,
        "category": "REG",
        "tv": "ESPN",
        "away": 4,
        "kickoff": "2015-11-23T20:30:00",
        "status": "U",
        "home": 19,
        "location": "Gillette Stadium, Foxboro"
    },
    "model": "picker.game",
    "pk": 160
},
{
    "fields": {
        "week": 12,
        "category": "REG",
        "tv": "FOX",
        "away": 24,
        "kickoff": "2015-11-26T12:30:00",
        "status": "U",
        "home": 11,
        "location": "Ford Field, Detroit"
    },
    "model": "picker.game",
    "pk": 161
},
{
    "fields": {
        "week": 12,
        "category": "REG",
        "tv": "CBS",
        "away": 5,
        "kickoff": "2015-11-26T16:30:00",
        "status": "U",
        "home": 9,
        "location": "AT&T Stadium, Arlington"
    },
    "model": "picker.game",
    "pk": 162
},
{
    "fields": {
        "week": 12,
        "category": "REG",
        "tv": "NBC",
        "away": 6,
        "kickoff": "2015-11-26T20:30:00",
        "status": "U",
        "home": 12,
        "location": "Lambeau Field, Green Bay"
    },
    "model": "picker.game",
    "pk": 163
},
{
    "fields": {
        "week": 12,
        "category": "REG",
        "tv": "CBS",
        "away": 23,
        "kickoff": "2015-11-29T13:00:00",
        "status": "U",
        "home": 31,
        "location": "LP Field, Nashville"
    },
    "model": "picker.game",
    "pk": 164
},
{
    "fields": {
        "week": 12,
        "category": "REG",
        "tv": "CBS",
        "away": 4,
        "kickoff": "2015-11-29T13:00:00",
        "status": "U",
        "home": 16,
        "location": "Arrowhead Stadium, Kansas City"
    },
    "model": "picker.game",
    "pk": 165
},
{
    "fields": {
        "week": 12,
        "category": "REG",
        "tv": "FOX",
        "away": 30,
        "kickoff": "2015-11-29T13:00:00",
        "status": "U",
        "home": 14,
        "location": "Lucas Oil Stadium, Indianapolis"
    },
    "model": "picker.game",
    "pk": 166
},
{
    "fields": {
        "week": 12,
        "category": "REG",
        "tv": "FOX",
        "away": 21,
        "kickoff": "2015-11-29T13:00:00",
        "status": "U",
        "home": 32,
        "location": "FedEx Field, Landover"
    },
    "model": "picker.game",
    "pk": 167
},
{
    "fields": {
        "week": 12,
        "category": "REG",
        "tv": "FOX",
        "away": 20,
        "kickoff": "2015-11-29T13:00:00",
        "status": "U",
        "home": 13,
        "location": "NRG Stadium, Houston"
    },
    "model": "picker.game",
    "pk": 168
},
{
    "fields": {
        "week": 12,
        "category": "REG",
        "tv": "FOX",
        "away": 18,
        "kickoff": "2015-11-29T13:00:00",
        "status": "U",
        "home": 2,
        "location": "Georgia Dome, Atlanta"
    },
    "model": "picker.game",
    "pk": 169
},
{
    "fields": {
        "week": 12,
        "category": "REG",
        "tv": "FOX",
        "away": 29,
        "kickoff": "2015-11-29T13:00:00",
        "status": "U",
        "home": 7,
        "location": "Paul Brown Stadium, Cincinnati"
    },
    "model": "picker.game",
    "pk": 170
},
{
    "fields": {
        "week": 12,
        "category": "REG",
        "tv": "CBS",
        "away": 26,
        "kickoff": "2015-11-29T13:00:00",
        "status": "U",
        "home": 15,
        "location": "EverBank Field, Jacksonville"
    },
    "model": "picker.game",
    "pk": 171
},
{
    "fields": {
        "week": 12,
        "category": "REG",
        "tv": "CBS",
        "away": 17,
        "kickoff": "2015-11-29T13:00:00",
        "status": "U",
        "home": 22,
        "location": "MetLife Stadium, East Rutherford"
    },
    "model": "picker.game",
    "pk": 172
},
{
    "fields": {
        "week": 12,
        "category": "REG",
        "tv": "FOX",
        "away": 1,
        "kickoff": "2015-11-29T16:05:00",
        "status": "U",
        "home": 27,
        "location": "Levi's Stadium, Santa Clara"
    },
    "model": "picker.game",
    "pk": 173
},
{
    "fields": {
        "week": 12,
        "category": "REG",
        "tv": "CBS",
        "away": 25,
        "kickoff": "2015-11-29T16:25:00",
        "status": "U",
        "home": 28,
        "location": "CenturyLink Field, Seattle"
    },
    "model": "picker.game",
    "pk": 174
},
{
    "fields": {
        "week": 12,
        "category": "REG",
        "tv": "NBC",
        "away": 19,
        "kickoff": "2015-11-29T20:30:00",
        "status": "U",
        "home": 10,
        "location": "Sports Authority Field at Mile High, Denver"
    },
    "model": "picker.game",
    "pk": 175
},
{
    "fields": {
        "week": 12,
        "category": "REG",
        "tv": "ESPN",
        "away": 3,
        "kickoff": "2015-11-30T20:30:00",
        "status": "U",
        "home": 8,
        "location": "FirstEnergy Stadium, Cleveland"
    },
    "model": "picker.game",
    "pk": 176
},
{
    "fields": {
        "week": 13,
        "category": "REG",
        "tv": "CBS/NFL",
        "away": 12,
        "kickoff": "2015-12-03T20:25:00",
        "status": "U",
        "home": 11,
        "location": "Ford Field, Detroit"
    },
    "model": "picker.game",
    "pk": 177
},
{
    "fields": {
        "week": 13,
        "category": "REG",
        "tv": "CBS",
        "away": 22,
        "kickoff": "2015-12-06T13:00:00",
        "status": "U",
        "home": 21,
        "location": "MetLife Stadium, East Rutherford"
    },
    "model": "picker.game",
    "pk": 178
},
{
    "fields": {
        "week": 13,
        "category": "REG",
        "tv": "FOX",
        "away": 1,
        "kickoff": "2015-12-06T13:00:00",
        "status": "U",
        "home": 29,
        "location": "Edward Jones Dome, Saint Louis"
    },
    "model": "picker.game",
    "pk": 179
},
{
    "fields": {
        "week": 13,
        "category": "REG",
        "tv": "FOX",
        "away": 2,
        "kickoff": "2015-12-06T13:00:00",
        "status": "U",
        "home": 30,
        "location": "Raymond James Stadium, Tampa"
    },
    "model": "picker.game",
    "pk": 180
},
{
    "fields": {
        "week": 13,
        "category": "REG",
        "tv": "FOX",
        "away": 5,
        "kickoff": "2015-12-06T13:00:00",
        "status": "U",
        "home": 20,
        "location": "Mercedes-Benz Superdome, New Orleans"
    },
    "model": "picker.game",
    "pk": 181
},
{
    "fields": {
        "week": 13,
        "category": "REG",
        "tv": "FOX",
        "away": 28,
        "kickoff": "2015-12-06T13:00:00",
        "status": "U",
        "home": 18,
        "location": "TCF Bank Stadium, Minneapolis"
    },
    "model": "picker.game",
    "pk": 182
},
{
    "fields": {
        "week": 13,
        "category": "REG",
        "tv": "CBS",
        "away": 13,
        "kickoff": "2015-12-06T13:00:00",
        "status": "U",
        "home": 4,
        "location": "Ralph Wilson Stadium, Buffalo"
    },
    "model": "picker.game",
    "pk": 183
},
{
    "fields": {
        "week": 13,
        "category": "REG",
        "tv": "CBS",
        "away": 3,
        "kickoff": "2015-12-06T13:00:00",
        "status": "U",
        "home": 17,
        "location": "Sun Life Stadium, Miami"
    },
    "model": "picker.game",
    "pk": 184
},
{
    "fields": {
        "week": 13,
        "category": "REG",
        "tv": "CBS",
        "away": 7,
        "kickoff": "2015-12-06T13:00:00",
        "status": "U",
        "home": 8,
        "location": "FirstEnergy Stadium, Cleveland"
    },
    "model": "picker.game",
    "pk": 185
},
{
    "fields": {
        "week": 13,
        "category": "REG",
        "tv": "CBS",
        "away": 15,
        "kickoff": "2015-12-06T13:00:00",
        "status": "U",
        "home": 31,
        "location": "LP Field, Nashville"
    },
    "model": "picker.game",
    "pk": 186
},
{
    "fields": {
        "week": 13,
        "category": "REG",
        "tv": "FOX",
        "away": 27,
        "kickoff": "2015-12-06T13:00:00",
        "status": "U",
        "home": 6,
        "location": "Soldier Field, Chicago"
    },
    "model": "picker.game",
    "pk": 187
},
{
    "fields": {
        "week": 13,
        "category": "REG",
        "tv": "CBS",
        "away": 10,
        "kickoff": "2015-12-06T16:05:00",
        "status": "U",
        "home": 26,
        "location": "Qualcomm Stadium, San Diego"
    },
    "model": "picker.game",
    "pk": 188
},
{
    "fields": {
        "week": 13,
        "category": "REG",
        "tv": "CBS",
        "away": 16,
        "kickoff": "2015-12-06T16:05:00",
        "status": "U",
        "home": 23,
        "location": "O.co Coliseum, Oakland"
    },
    "model": "picker.game",
    "pk": 189
},
{
    "fields": {
        "week": 13,
        "category": "REG",
        "tv": "FOX",
        "away": 24,
        "kickoff": "2015-12-06T16:25:00",
        "status": "U",
        "home": 19,
        "location": "Gillette Stadium, Foxboro"
    },
    "model": "picker.game",
    "pk": 190
},
{
    "fields": {
        "week": 13,
        "category": "REG",
        "tv": "NBC",
        "away": 14,
        "kickoff": "2015-12-06T20:30:00",
        "status": "U",
        "home": 25,
        "location": "Heinz Field, Pittsburgh"
    },
    "model": "picker.game",
    "pk": 191
},
{
    "fields": {
        "week": 13,
        "category": "REG",
        "tv": "ESPN",
        "away": 9,
        "kickoff": "2015-12-07T20:30:00",
        "status": "U",
        "home": 32,
        "location": "FedEx Field, Landover"
    },
    "model": "picker.game",
    "pk": 192
},
{
    "fields": {
        "week": 14,
        "category": "REG",
        "tv": "NFL",
        "away": 18,
        "kickoff": "2015-12-10T20:25:00",
        "status": "U",
        "home": 1,
        "location": "U of Phoenix Stadium, Glendale"
    },
    "model": "picker.game",
    "pk": 193
},
{
    "fields": {
        "week": 14,
        "category": "REG",
        "tv": "CBS",
        "away": 4,
        "kickoff": "2015-12-13T13:00:00",
        "status": "U",
        "home": 24,
        "location": "Lincoln Financial Field, Philadelphia"
    },
    "model": "picker.game",
    "pk": 194
},
{
    "fields": {
        "week": 14,
        "category": "REG",
        "tv": "FOX",
        "away": 27,
        "kickoff": "2015-12-13T13:00:00",
        "status": "U",
        "home": 8,
        "location": "FirstEnergy Stadium, Cleveland"
    },
    "model": "picker.game",
    "pk": 195
},
{
    "fields": {
        "week": 14,
        "category": "REG",
        "tv": "FOX",
        "away": 11,
        "kickoff": "2015-12-13T13:00:00",
        "status": "U",
        "home": 29,
        "location": "Edward Jones Dome, Saint Louis"
    },
    "model": "picker.game",
    "pk": 196
},
{
    "fields": {
        "week": 14,
        "category": "REG",
        "tv": "FOX",
        "away": 20,
        "kickoff": "2015-12-13T13:00:00",
        "status": "U",
        "home": 30,
        "location": "Raymond James Stadium, Tampa"
    },
    "model": "picker.game",
    "pk": 197
},
{
    "fields": {
        "week": 14,
        "category": "REG",
        "tv": "CBS",
        "away": 31,
        "kickoff": "2015-12-13T13:00:00",
        "status": "U",
        "home": 22,
        "location": "MetLife Stadium, East Rutherford"
    },
    "model": "picker.game",
    "pk": 198
},
{
    "fields": {
        "week": 14,
        "category": "REG",
        "tv": "CBS",
        "away": 25,
        "kickoff": "2015-12-13T13:00:00",
        "status": "U",
        "home": 7,
        "location": "Paul Brown Stadium, Cincinnati"
    },
    "model": "picker.game",
    "pk": 199
},
{
    "fields": {
        "week": 14,
        "category": "REG",
        "tv": "CBS",
        "away": 19,
        "kickoff": "2015-12-13T13:00:00",
        "status": "U",
        "home": 13,
        "location": "NRG Stadium, Houston"
    },
    "model": "picker.game",
    "pk": 200
},
{
    "fields": {
        "week": 14,
        "category": "REG",
        "tv": "CBS",
        "away": 14,
        "kickoff": "2015-12-13T13:00:00",
        "status": "U",
        "home": 15,
        "location": "EverBank Field, Jacksonville"
    },
    "model": "picker.game",
    "pk": 201
},
{
    "fields": {
        "week": 14,
        "category": "REG",
        "tv": "CBS",
        "away": 26,
        "kickoff": "2015-12-13T13:00:00",
        "status": "U",
        "home": 16,
        "location": "Arrowhead Stadium, Kansas City"
    },
    "model": "picker.game",
    "pk": 202
},
{
    "fields": {
        "week": 14,
        "category": "REG",
        "tv": "FOX",
        "away": 32,
        "kickoff": "2015-12-13T13:00:00",
        "status": "U",
        "home": 6,
        "location": "Soldier Field, Chicago"
    },
    "model": "picker.game",
    "pk": 203
},
{
    "fields": {
        "week": 14,
        "category": "REG",
        "tv": "FOX",
        "away": 2,
        "kickoff": "2015-12-13T13:00:00",
        "status": "U",
        "home": 5,
        "location": "Bank of America Stadium, Charlotte"
    },
    "model": "picker.game",
    "pk": 204
},
{
    "fields": {
        "week": 14,
        "category": "REG",
        "tv": "CBS",
        "away": 23,
        "kickoff": "2015-12-13T16:05:00",
        "status": "U",
        "home": 10,
        "location": "Sports Authority Field at Mile High, Denver"
    },
    "model": "picker.game",
    "pk": 205
},
{
    "fields": {
        "week": 14,
        "category": "REG",
        "tv": "FOX",
        "away": 9,
        "kickoff": "2015-12-13T16:25:00",
        "status": "U",
        "home": 12,
        "location": "Lambeau Field, Green Bay"
    },
    "model": "picker.game",
    "pk": 206
},
{
    "fields": {
        "week": 14,
        "category": "REG",
        "tv": "NBC",
        "away": 28,
        "kickoff": "2015-12-13T20:30:00",
        "status": "U",
        "home": 3,
        "location": "M&T Bank Stadium, Baltimore"
    },
    "model": "picker.game",
    "pk": 207
},
{
    "fields": {
        "week": 14,
        "category": "REG",
        "tv": "ESPN",
        "away": 21,
        "kickoff": "2015-12-14T20:30:00",
        "status": "U",
        "home": 17,
        "location": "Sun Life Stadium, Miami"
    },
    "model": "picker.game",
    "pk": 208
},
{
    "fields": {
        "week": 15,
        "category": "REG",
        "tv": "NFL",
        "away": 30,
        "kickoff": "2015-12-17T20:25:00",
        "status": "U",
        "home": 29,
        "location": "Edward Jones Dome, Saint Louis"
    },
    "model": "picker.game",
    "pk": 209
},
{
    "fields": {
        "week": 15,
        "category": "REG",
        "tv": "NFL",
        "away": 22,
        "kickoff": "2015-12-19T20:25:00",
        "status": "U",
        "home": 9,
        "location": "AT&T Stadium, Arlington"
    },
    "model": "picker.game",
    "pk": 210
},
{
    "fields": {
        "week": 15,
        "category": "REG",
        "tv": "FOX",
        "away": 6,
        "kickoff": "2015-12-20T13:00:00",
        "status": "U",
        "home": 18,
        "location": "TCF Bank Stadium, Minneapolis"
    },
    "model": "picker.game",
    "pk": 211
},
{
    "fields": {
        "week": 15,
        "category": "REG",
        "tv": "FOX",
        "away": 2,
        "kickoff": "2015-12-20T13:00:00",
        "status": "U",
        "home": 15,
        "location": "EverBank Field, Jacksonville"
    },
    "model": "picker.game",
    "pk": 212
},
{
    "fields": {
        "week": 15,
        "category": "REG",
        "tv": "CBS",
        "away": 13,
        "kickoff": "2015-12-20T13:00:00",
        "status": "U",
        "home": 14,
        "location": "Lucas Oil Stadium, Indianapolis"
    },
    "model": "picker.game",
    "pk": 213
},
{
    "fields": {
        "week": 15,
        "category": "REG",
        "tv": "FOX",
        "away": 1,
        "kickoff": "2015-12-20T13:00:00",
        "status": "U",
        "home": 24,
        "location": "Lincoln Financial Field, Philadelphia"
    },
    "model": "picker.game",
    "pk": 214
},
{
    "fields": {
        "week": 15,
        "category": "REG",
        "tv": "FOX",
        "away": 5,
        "kickoff": "2015-12-20T13:00:00",
        "status": "U",
        "home": 21,
        "location": "MetLife Stadium, East Rutherford"
    },
    "model": "picker.game",
    "pk": 215
},
{
    "fields": {
        "week": 15,
        "category": "REG",
        "tv": "CBS",
        "away": 31,
        "kickoff": "2015-12-20T13:00:00",
        "status": "U",
        "home": 19,
        "location": "Gillette Stadium, Foxboro"
    },
    "model": "picker.game",
    "pk": 216
},
{
    "fields": {
        "week": 15,
        "category": "REG",
        "tv": "CBS",
        "away": 4,
        "kickoff": "2015-12-20T13:00:00",
        "status": "U",
        "home": 32,
        "location": "FedEx Field, Landover"
    },
    "model": "picker.game",
    "pk": 217
},
{
    "fields": {
        "week": 15,
        "category": "REG",
        "tv": "CBS",
        "away": 16,
        "kickoff": "2015-12-20T13:00:00",
        "status": "U",
        "home": 3,
        "location": "M&T Bank Stadium, Baltimore"
    },
    "model": "picker.game",
    "pk": 218
},
{
    "fields": {
        "week": 15,
        "category": "REG",
        "tv": "FOX",
        "away": 8,
        "kickoff": "2015-12-20T16:05:00",
        "status": "U",
        "home": 28,
        "location": "CenturyLink Field, Seattle"
    },
    "model": "picker.game",
    "pk": 219
},
{
    "fields": {
        "week": 15,
        "category": "REG",
        "tv": "FOX",
        "away": 12,
        "kickoff": "2015-12-20T16:05:00",
        "status": "U",
        "home": 23,
        "location": "O.co Coliseum, Oakland"
    },
    "model": "picker.game",
    "pk": 220
},
{
    "fields": {
        "week": 15,
        "category": "REG",
        "tv": "CBS",
        "away": 10,
        "kickoff": "2015-12-20T16:25:00",
        "status": "U",
        "home": 25,
        "location": "Heinz Field, Pittsburgh"
    },
    "model": "picker.game",
    "pk": 221
},
{
    "fields": {
        "week": 15,
        "category": "REG",
        "tv": "CBS",
        "away": 17,
        "kickoff": "2015-12-20T16:25:00",
        "status": "U",
        "home": 26,
        "location": "Qualcomm Stadium, San Diego"
    },
    "model": "picker.game",
    "pk": 222
},
{
    "fields": {
        "week": 15,
        "category": "REG",
        "tv": "NBC",
        "away": 7,
        "kickoff": "2015-12-20T20:30:00",
        "status": "U",
        "home": 27,
        "location": "Levi's Stadium, Santa Clara"
    },
    "model": "picker.game",
    "pk": 223
},
{
    "fields": {
        "week": 15,
        "category": "REG",
        "tv": "ESPN",
        "away": 11,
        "kickoff": "2015-12-21T20:30:00",
        "status": "U",
        "home": 20,
        "location": "Mercedes-Benz Superdome, New Orleans"
    },
    "model": "picker.game",
    "pk": 224
},
{
    "fields": {
        "week": 16,
        "category": "REG",
        "tv": "NFL",
        "away": 26,
        "kickoff": "2015-12-24T20:25:00",
        "status": "U",
        "home": 23,
        "location": "O.co Coliseum, Oakland"
    },
    "model": "picker.game",
    "pk": 225
},
{
    "fields": {
        "week": 16,
        "category": "REG",
        "tv": "NFL",
        "away": 32,
        "kickoff": "2015-12-26T20:25:00",
        "status": "U",
        "home": 24,
        "location": "Lincoln Financial Field, Philadelphia"
    },
    "model": "picker.game",
    "pk": 226
},
{
    "fields": {
        "week": 16,
        "category": "REG",
        "tv": "CBS",
        "away": 19,
        "kickoff": "2015-12-27T13:00:00",
        "status": "U",
        "home": 22,
        "location": "MetLife Stadium, East Rutherford"
    },
    "model": "picker.game",
    "pk": 227
},
{
    "fields": {
        "week": 16,
        "category": "REG",
        "tv": "CBS",
        "away": 13,
        "kickoff": "2015-12-27T13:00:00",
        "status": "U",
        "home": 31,
        "location": "LP Field, Nashville"
    },
    "model": "picker.game",
    "pk": 228
},
{
    "fields": {
        "week": 16,
        "category": "REG",
        "tv": "CBS",
        "away": 8,
        "kickoff": "2015-12-27T13:00:00",
        "status": "U",
        "home": 16,
        "location": "Arrowhead Stadium, Kansas City"
    },
    "model": "picker.game",
    "pk": 229
},
{
    "fields": {
        "week": 16,
        "category": "REG",
        "tv": "CBS",
        "away": 14,
        "kickoff": "2015-12-27T13:00:00",
        "status": "U",
        "home": 17,
        "location": "Sun Life Stadium, Miami"
    },
    "model": "picker.game",
    "pk": 230
},
{
    "fields": {
        "week": 16,
        "category": "REG",
        "tv": "CBS",
        "away": 15,
        "kickoff": "2015-12-27T13:00:00",
        "status": "U",
        "home": 20,
        "location": "Mercedes-Benz Superdome, New Orleans"
    },
    "model": "picker.game",
    "pk": 231
},
{
    "fields": {
        "week": 16,
        "category": "REG",
        "tv": "FOX",
        "away": 27,
        "kickoff": "2015-12-27T13:00:00",
        "status": "U",
        "home": 11,
        "location": "Ford Field, Detroit"
    },
    "model": "picker.game",
    "pk": 232
},
{
    "fields": {
        "week": 16,
        "category": "REG",
        "tv": "FOX",
        "away": 9,
        "kickoff": "2015-12-27T13:00:00",
        "status": "U",
        "home": 4,
        "location": "Ralph Wilson Stadium, Buffalo"
    },
    "model": "picker.game",
    "pk": 233
},
{
    "fields": {
        "week": 16,
        "category": "REG",
        "tv": "FOX",
        "away": 6,
        "kickoff": "2015-12-27T13:00:00",
        "status": "U",
        "home": 30,
        "location": "Raymond James Stadium, Tampa"
    },
    "model": "picker.game",
    "pk": 234
},
{
    "fields": {
        "week": 16,
        "category": "REG",
        "tv": "FOX",
        "away": 5,
        "kickoff": "2015-12-27T13:00:00",
        "status": "U",
        "home": 2,
        "location": "Georgia Dome, Atlanta"
    },
    "model": "picker.game",
    "pk": 235
},
{
    "fields": {
        "week": 16,
        "category": "REG",
        "tv": "FOX",
        "away": 21,
        "kickoff": "2015-12-27T13:00:00",
        "status": "U",
        "home": 18,
        "location": "TCF Bank Stadium, Minneapolis"
    },
    "model": "picker.game",
    "pk": 236
},
{
    "fields": {
        "week": 16,
        "category": "REG",
        "tv": "FOX",
        "away": 29,
        "kickoff": "2015-12-27T16:25:00",
        "status": "U",
        "home": 28,
        "location": "CenturyLink Field, Seattle"
    },
    "model": "picker.game",
    "pk": 237
},
{
    "fields": {
        "week": 16,
        "category": "REG",
        "tv": "FOX",
        "away": 12,
        "kickoff": "2015-12-27T16:25:00",
        "status": "U",
        "home": 1,
        "location": "U of Phoenix Stadium, Glendale"
    },
    "model": "picker.game",
    "pk": 238
},
{
    "fields": {
        "week": 16,
        "category": "REG",
        "tv": "NBC",
        "away": 25,
        "kickoff": "2015-12-27T20:30:00",
        "status": "U",
        "home": 3,
        "location": "M&T Bank Stadium, Baltimore"
    },
    "model": "picker.game",
    "pk": 239
},
{
    "fields": {
        "week": 16,
        "category": "REG",
        "tv": "ESPN",
        "away": 7,
        "kickoff": "2015-12-28T20:30:00",
        "status": "U",
        "home": 10,
        "location": "Sports Authority Field at Mile High, Denver"
    },
    "model": "picker.game",
    "pk": 240
},
{
    "fields": {
        "week": 17,
        "category": "REG",
        "tv": "CBS",
        "away": 22,
        "kickoff": "2016-01-03T13:00:00",
        "status": "U",
        "home": 4,
        "location": "Ralph Wilson Stadium, Buffalo"
    },
    "model": "picker.game",
    "pk": 241
},
{
    "fields": {
        "week": 17,
        "category": "REG",
        "tv": "CBS",
        "away": 19,
        "kickoff": "2016-01-03T13:00:00",
        "status": "U",
        "home": 17,
        "location": "Sun Life Stadium, Miami"
    },
    "model": "picker.game",
    "pk": 242
},
{
    "fields": {
        "week": 17,
        "category": "REG",
        "tv": "FOX",
        "away": 30,
        "kickoff": "2016-01-03T13:00:00",
        "status": "U",
        "home": 5,
        "location": "Bank of America Stadium, Charlotte"
    },
    "model": "picker.game",
    "pk": 243
},
{
    "fields": {
        "week": 17,
        "category": "REG",
        "tv": "FOX",
        "away": 20,
        "kickoff": "2016-01-03T13:00:00",
        "status": "U",
        "home": 2,
        "location": "Georgia Dome, Atlanta"
    },
    "model": "picker.game",
    "pk": 244
},
{
    "fields": {
        "week": 17,
        "category": "REG",
        "tv": "CBS",
        "away": 3,
        "kickoff": "2016-01-03T13:00:00",
        "status": "U",
        "home": 7,
        "location": "Paul Brown Stadium, Cincinnati"
    },
    "model": "picker.game",
    "pk": 245
},
{
    "fields": {
        "week": 17,
        "category": "REG",
        "tv": "CBS",
        "away": 25,
        "kickoff": "2016-01-03T13:00:00",
        "status": "U",
        "home": 8,
        "location": "FirstEnergy Stadium, Cleveland"
    },
    "model": "picker.game",
    "pk": 246
},
{
    "fields": {
        "week": 17,
        "category": "REG",
        "tv": "CBS",
        "away": 15,
        "kickoff": "2016-01-03T13:00:00",
        "status": "U",
        "home": 13,
        "location": "NRG Stadium, Houston"
    },
    "model": "picker.game",
    "pk": 247
},
{
    "fields": {
        "week": 17,
        "category": "REG",
        "tv": "CBS",
        "away": 31,
        "kickoff": "2016-01-03T13:00:00",
        "status": "U",
        "home": 14,
        "location": "Lucas Oil Stadium, Indianapolis"
    },
    "model": "picker.game",
    "pk": 248
},
{
    "fields": {
        "week": 17,
        "category": "REG",
        "tv": "CBS",
        "away": 23,
        "kickoff": "2016-01-03T13:00:00",
        "status": "U",
        "home": 16,
        "location": "Arrowhead Stadium, Kansas City"
    },
    "model": "picker.game",
    "pk": 249
},
{
    "fields": {
        "week": 17,
        "category": "REG",
        "tv": "FOX",
        "away": 32,
        "kickoff": "2016-01-03T13:00:00",
        "status": "U",
        "home": 9,
        "location": "AT&T Stadium, Arlington"
    },
    "model": "picker.game",
    "pk": 250
},
{
    "fields": {
        "week": 17,
        "category": "REG",
        "tv": "FOX",
        "away": 24,
        "kickoff": "2016-01-03T13:00:00",
        "status": "U",
        "home": 21,
        "location": "MetLife Stadium, East Rutherford"
    },
    "model": "picker.game",
    "pk": 251
},
{
    "fields": {
        "week": 17,
        "category": "REG",
        "tv": "FOX",
        "away": 11,
        "kickoff": "2016-01-03T13:00:00",
        "status": "U",
        "home": 6,
        "location": "Soldier Field, Chicago"
    },
    "model": "picker.game",
    "pk": 252
},
{
    "fields": {
        "week": 17,
        "category": "REG",
        "tv": "FOX",
        "away": 18,
        "kickoff": "2016-01-03T13:00:00",
        "status": "U",
        "home": 12,
        "location": "Lambeau Field, Green Bay"
    },
    "model": "picker.game",
    "pk": 253
},
{
    "fields": {
        "week": 17,
        "category": "REG",
        "tv": "CBS",
        "away": 26,
        "kickoff": "2016-01-03T16:25:00",
        "status": "U",
        "home": 10,
        "location": "Sports Authority Field at Mile High, Denver"
    },
    "model": "picker.game",
    "pk": 254
},
{
    "fields": {
        "week": 17,
        "category": "REG",
        "tv": "FOX",
        "away": 28,
        "kickoff": "2016-01-03T16:25:00",
        "status": "U",
        "home": 1,
        "location": "U of Phoenix Stadium, Glendale"
    },
    "model": "picker.game",
    "pk": 255
},
{
    "fields": {
        "week": 17,
        "category": "REG",
        "tv": "FOX",
        "away": 29,
        "kickoff": "2016-01-03T16:25:00",
        "status": "U",
        "home": 27,
        "location": "Levi's Stadium, Santa Clara"
    },
    "model": "picker.game",
    "pk": 256
}
]